-- The C compiler identification is GNU 13.3.0
-- Detecting C compiler ABI info
-- Detecting C compiler ABI info - done
-- Check for working C compiler: /usr/bin/cc - skipped
-- Detecting C compile features
-- Detecting C compile features - done
-- Found PkgConfig: /usr/bin/pkg-config (found version "1.8.1")
-- Detecting Target CPU Architecture
-- Detecting Target CPU Architecture - X64
-- Performing Test HAVE_GCC_WALL
-- Performing Test HAVE_GCC_WALL - Success
-- Performing Test HAVE_GCC_WUNDEF
-- Performing Test HAVE_GCC_WUNDEF - Success
-- Performing Test HAVE_GCC_WFLOAT_CONVERSION
-- Performing Test HAVE_GCC_WFLOAT_CONVERSION - Success
-- Performing Test HAVE_GCC_NO_STRICT_ALIASING
-- Performing Test HAVE_GCC_NO_STRICT_ALIASING - Success
-- Performing Test HAVE_GCC_WDOCUMENTATION
-- Performing Test HAVE_GCC_WDOCUMENTATION - Failed
-- Performing Test HAVE_GCC_WDOCUMENTATION_UNKNOWN_COMMAND
-- Performing Test HAVE_GCC_WDOCUMENTATION_UNKNOWN_COMMAND - Failed
-- Performing Test HAVE_GCC_COMMENT_BLOCK_COMMANDS
-- Performing Test HAVE_GCC_COMMENT_BLOCK_COMMANDS - Failed
-- Performing Test HAVE_CLANG_COMMENT_BLOCK_COMMANDS
-- Performing Test HAVE_CLANG_COMMENT_BLOCK_COMMANDS - Failed
-- Performing Test HAVE_GCC_WSHADOW
-- Performing Test HAVE_GCC_WSHADOW - Success
-- Performing Test HAVE_GCC_WUNUSED_LOCAL_TYPEDEFS
-- Performing Test HAVE_GCC_WUNUSED_LOCAL_TYPEDEFS - Success
-- Performing Test HAVE_GCC_WIMPLICIT_FALLTHROUGH
-- Performing Test HAVE_GCC_WIMPLICIT_FALLTHROUGH - Success
-- Performing Test COMPILER_SUPPORTS_FDIAGNOSTICS_COLOR_ALWAYS
-- Performing Test COMPILER_SUPPORTS_FDIAGNOSTICS_COLOR_ALWAYS - Success
-- Looking for __GLIBC__
-- Looking for __GLIBC__ - found
-- Performing Test HAVE_WL_VERSION_SCRIPT
-- Performing Test HAVE_WL_VERSION_SCRIPT - Success
-- Performing Test COMPILER_SUPPORTS_GCC_ATOMICS
-- Performing Test COMPILER_SUPPORTS_GCC_ATOMICS - Success
-- Performing Test HAVE_GCC_FVISIBILITY
-- Performing Test HAVE_GCC_FVISIBILITY - Success
-- Performing Test LINKER_SUPPORTS_WL_NO_UNDEFINED
-- Performing Test LINKER_SUPPORTS_WL_NO_UNDEFINED - Success
-- Performing Test COMPILER_SUPPORTS_MMX
-- Performing Test COMPILER_SUPPORTS_MMX - Success
-- Performing Test COMPILER_SUPPORTS_SSE
-- Performing Test COMPILER_SUPPORTS_SSE - Success
-- Performing Test COMPILER_SUPPORTS_SSE2
-- Performing Test COMPILER_SUPPORTS_SSE2 - Success
-- Performing Test COMPILER_SUPPORTS_SSE3
-- Performing Test COMPILER_SUPPORTS_SSE3 - Success
-- Performing Test COMPILER_SUPPORTS_SSE4_1
-- Performing Test COMPILER_SUPPORTS_SSE4_1 - Success
-- Performing Test COMPILER_SUPPORTS_SSE4_2
-- Performing Test COMPILER_SUPPORTS_SSE4_2 - Success
-- Performing Test COMPILER_SUPPORTS_AVX
-- Performing Test COMPILER_SUPPORTS_AVX - Success
-- Performing Test COMPILER_SUPPORTS_AVX2
-- Performing Test COMPILER_SUPPORTS_AVX2 - Success
-- Performing Test COMPILER_SUPPORTS_AVX512F
-- Performing Test COMPILER_SUPPORTS_AVX512F - Success
-- Looking for alloca.h
-- Looking for alloca.h - found
-- Looking for float.h
-- Looking for float.h - found
-- Looking for iconv.h
-- Looking for iconv.h - found
-- Looking for inttypes.h
-- Looking for inttypes.h - found
-- Looking for limits.h
-- Looking for limits.h - found
-- Looking for malloc.h
-- Looking for malloc.h - found
-- Looking for math.h
-- Looking for math.h - found
-- Looking for memory.h
-- Looking for memory.h - found
-- Looking for signal.h
-- Looking for signal.h - found
-- Looking for stdarg.h
-- Looking for stdarg.h - found
-- Looking for stdbool.h
-- Looking for stdbool.h - found
-- Looking for stddef.h
-- Looking for stddef.h - found
-- Looking for stdint.h
-- Looking for stdint.h - found
-- Looking for stdio.h
-- Looking for stdio.h - found
-- Looking for stdlib.h
-- Looking for stdlib.h - found
-- Looking for string.h
-- Looking for string.h - found
-- Looking for strings.h
-- Looking for strings.h - found
-- Looking for sys/types.h
-- Looking for sys/types.h - found
-- Looking for time.h
-- Looking for time.h - found
-- Looking for wchar.h
-- Looking for wchar.h - found
-- Looking for pow in m
-- Looking for pow in m - found
-- Looking for abs
-- Looking for abs - found
-- Looking for acos
-- Looking for acos - found
-- Looking for acosf
-- Looking for acosf - found
-- Looking for asin
-- Looking for asin - found
-- Looking for asinf
-- Looking for asinf - found
-- Looking for atan
-- Looking for atan - found
-- Looking for atan2
-- Looking for atan2 - found
-- Looking for atan2f
-- Looking for atan2f - found
-- Looking for atanf
-- Looking for atanf - found
-- Looking for atof
-- Looking for atof - found
-- Looking for atoi
-- Looking for atoi - found
-- Looking for bcopy
-- Looking for bcopy - found
-- Looking for ceil
-- Looking for ceil - found
-- Looking for ceilf
-- Looking for ceilf - found
-- Looking for copysign
-- Looking for copysign - found
-- Looking for copysignf
-- Looking for copysignf - found
-- Looking for cos
-- Looking for cos - found
-- Looking for cosf
-- Looking for cosf - found
-- Looking for _Exit
-- Looking for _Exit - found
-- Looking for exp
-- Looking for exp - found
-- Looking for expf
-- Looking for expf - found
-- Looking for fabs
-- Looking for fabs - found
-- Looking for fabsf
-- Looking for fabsf - found
-- Looking for floor
-- Looking for floor - found
-- Looking for floorf
-- Looking for floorf - found
-- Looking for fmod
-- Looking for fmod - found
-- Looking for fmodf
-- Looking for fmodf - found
-- Looking for fopen64
-- Looking for fopen64 - found
-- Looking for fseeko
-- Looking for fseeko - found
-- Looking for fseeko64
-- Looking for fseeko64 - found
-- Looking for getenv
-- Looking for getenv - found
-- Looking for _i64toa
-- Looking for _i64toa - not found
-- Looking for index
-- Looking for index - found
-- Looking for itoa
-- Looking for itoa - not found
-- Looking for log
-- Looking for log - found
-- Looking for log10
-- Looking for log10 - found
-- Looking for log10f
-- Looking for log10f - found
-- Looking for logf
-- Looking for logf - found
-- Looking for lround
-- Looking for lround - found
-- Looking for lroundf
-- Looking for lroundf - found
-- Looking for _ltoa
-- Looking for _ltoa - not found
-- Looking for malloc
-- Looking for malloc - found
-- Looking for memcmp
-- Looking for memcmp - found
-- Looking for memcpy
-- Looking for memcpy - found
-- Looking for memmove
-- Looking for memmove - found
-- Looking for memset
-- Looking for memset - found
-- Looking for modf
-- Looking for modf - found
-- Looking for modff
-- Looking for modff - found
-- Looking for pow
-- Looking for pow - found
-- Looking for powf
-- Looking for powf - found
-- Looking for putenv
-- Looking for putenv - found
-- Looking for rindex
-- Looking for rindex - found
-- Looking for round
-- Looking for round - found
-- Looking for roundf
-- Looking for roundf - found
-- Looking for scalbn
-- Looking for scalbn - found
-- Looking for scalbnf
-- Looking for scalbnf - found
-- Looking for setenv
-- Looking for setenv - found
-- Looking for sin
-- Looking for sin - found
-- Looking for sinf
-- Looking for sinf - found
-- Looking for sqr
-- Looking for sqr - not found
-- Looking for sqrt
-- Looking for sqrt - found
-- Looking for sqrtf
-- Looking for sqrtf - found
-- Looking for sscanf
-- Looking for sscanf - found
-- Looking for strchr
-- Looking for strchr - found
-- Looking for strcmp
-- Looking for strcmp - found
-- Looking for strlcat
-- Looking for strlcat - found
-- Looking for strlcpy
-- Looking for strlcpy - found
-- Looking for strlen
-- Looking for strlen - found
-- Looking for strncmp
-- Looking for strncmp - found
-- Looking for strnlen
-- Looking for strnlen - found
-- Looking for strpbrk
-- Looking for strpbrk - found
-- Looking for strrchr
-- Looking for strrchr - found
-- Looking for strstr
-- Looking for strstr - found
-- Looking for strnstr
-- Looking for strnstr - not found
-- Looking for strtod
-- Looking for strtod - found
-- Looking for strtok_r
-- Looking for strtok_r - found
-- Looking for strtol
-- Looking for strtol - found
-- Looking for strtoll
-- Looking for strtoll - found
-- Looking for strtoul
-- Looking for strtoul - found
-- Looking for strtoull
-- Looking for strtoull - found
-- Looking for tan
-- Looking for tan - found
-- Looking for tanf
-- Looking for tanf - found
-- Looking for trunc
-- Looking for trunc - found
-- Looking for truncf
-- Looking for truncf - found
-- Looking for unsetenv
-- Looking for unsetenv - found
-- Looking for vsnprintf
-- Looking for vsnprintf - found
-- Looking for vsscanf
-- Looking for vsscanf - found
-- Looking for wcsnlen
-- Looking for wcsnlen - found
-- Looking for wcscmp
-- Looking for wcscmp - found
-- Looking for wcsdup
-- Looking for wcsdup - found
-- Looking for wcslcat
-- Looking for wcslcat - found
-- Looking for wcslcpy
-- Looking for wcslcpy - found
-- Looking for wcslen
-- Looking for wcslen - found
-- Looking for wcsncmp
-- Looking for wcsncmp - found
-- Looking for wcsstr
-- Looking for wcsstr - found
-- Looking for wcstol
-- Looking for wcstol - found
-- Looking for strcasestr
-- Looking for strcasestr - found
-- Performing Test LIBC_HAS_ISINF
-- Performing Test LIBC_HAS_ISINF - Success
-- Performing Test LIBC_ISINF_HANDLES_FLOAT
-- Performing Test LIBC_ISINF_HANDLES_FLOAT - Success
-- Performing Test LIBC_HAS_ISINFF
-- Performing Test LIBC_HAS_ISINFF - Success
-- Performing Test LIBC_HAS_ISNAN
-- Performing Test LIBC_HAS_ISNAN - Success
-- Performing Test LIBC_ISNAN_HANDLES_FLOAT
-- Performing Test LIBC_ISNAN_HANDLES_FLOAT - Success
-- Performing Test LIBC_HAS_ISNANF
-- Performing Test LIBC_HAS_ISNANF - Success
-- Looking for fdatasync
-- Looking for fdatasync - found
-- Looking for gethostname
-- Looking for gethostname - found
-- Looking for getpagesize
-- Looking for getpagesize - found
-- Looking for getresgid
-- Looking for getresgid - found
-- Looking for getresuid
-- Looking for getresuid - found
-- Looking for sigaction
-- Looking for sigaction - found
-- Looking for sigtimedwait
-- Looking for sigtimedwait - found
-- Looking for setjmp
-- Looking for setjmp - found
-- Looking for nanosleep
-- Looking for nanosleep - found
-- Looking for gmtime_r
-- Looking for gmtime_r - found
-- Looking for localtime_r
-- Looking for localtime_r - found
-- Looking for nl_langinfo
-- Looking for nl_langinfo - found
-- Looking for sysconf
-- Looking for sysconf - found
-- Looking for sysctlbyname
-- Looking for sysctlbyname - not found
-- Looking for getauxval
-- Looking for getauxval - found
-- Looking for elf_aux_info
-- Looking for elf_aux_info - not found
-- Looking for ppoll
-- Looking for ppoll - found
-- Looking for memfd_create
-- Looking for memfd_create - found
-- Looking for posix_fallocate
-- Looking for posix_fallocate - found
-- Looking for posix_spawn_file_actions_addchdir
-- Looking for posix_spawn_file_actions_addchdir - not found
-- Looking for posix_spawn_file_actions_addchdir_np
-- Looking for posix_spawn_file_actions_addchdir_np - found
-- Performing Test ICONV_IN_LIBC
-- Performing Test ICONV_IN_LIBC - Success
-- Performing Test ICONV_IN_LIBICONV
-- Performing Test ICONV_IN_LIBICONV - Failed
-- Performing Test HAVE_SA_SIGACTION
-- Performing Test HAVE_SA_SIGACTION - Success
-- Performing Test HAVE_ST_MTIM
-- Performing Test HAVE_ST_MTIM - Success
-- Looking for dlopen
-- Looking for dlopen - found
-- Performing Test HAVE_O_CLOEXEC
-- Performing Test HAVE_O_CLOEXEC - Success
-- Performing Test COMPILER_SUPPORTS_ELFNOTES
-- Performing Test COMPILER_SUPPORTS_ELFNOTES - Success
-- Found ALSA: /usr/lib/x86_64-linux-gnu/libasound.so (found version "1.2.11")
-- dynamic libasound -> libasound.so.2
-- Checking for module 'jack'
--   Package 'jack', required by 'virtual:world', not found
-- Checking for module 'libpipewire-0.3>=0.3.44'
--   Package 'libpipewire-0.3', required by 'virtual:world', not found
-- Checking for module 'libpulse>=0.9.15'
--   Found libpulse, version 16.1
-- dynamic libpulse -> libpulse.so.0
-- Checking for module 'sndio'
--   Package 'sndio', required by 'virtual:world', not found
-- Found X11: /usr/include
-- Looking for XOpenDisplay in /usr/lib/x86_64-linux-gnu/libX11.so;/usr/lib/x86_64-linux-gnu/libXext.so
-- Looking for XOpenDisplay in /usr/lib/x86_64-linux-gnu/libX11.so;/usr/lib/x86_64-linux-gnu/libXext.so - found
-- Looking for gethostbyname
-- Looking for gethostbyname - found
-- Looking for connect
-- Looking for connect - found
-- Looking for remove
-- Looking for remove - found
-- Looking for shmat
-- Looking for shmat - found
-- dynamic libX11 -> libX11.so.6
-- dynamic libXext -> libXext.so.6
-- dynamic libXcursor -> libXcursor.so.1
-- dynamic libXi -> libXi.so.6
-- dynamic libXfixes -> libXfixes.so.3
-- dynamic libXrandr -> libXrandr.so.2
-- dynamic libXrender -> libXrender.so.1
-- dynamic libXss -> libXss.so.1
-- dynamic libXtst -> libXtst.so.6
-- Looking for shmat
-- Looking for shmat - found
-- Performing Test HAVE_XGENERICEVENT
-- Performing Test HAVE_XGENERICEVENT - Success
-- Looking for X11/XKBlib.h
-- Looking for X11/XKBlib.h - found
-- Performing Test HAVE_XINPUT2_SCROLLINFO
-- Performing Test HAVE_XINPUT2_SCROLLINFO - Success
-- Performing Test HAVE_XINPUT2_MULTITOUCH
-- Performing Test HAVE_XINPUT2_MULTITOUCH - Success
-- Performing Test HAVE_XINPUT2_GESTURE
-- Performing Test HAVE_XINPUT2_GESTURE - Success
-- Performing Test HAVE_XFIXES_H
-- Performing Test HAVE_XFIXES_H - Success
-- Checking for module 'fribidi'
--   Package 'fribidi', required by 'virtual:world', not found
-- Checking for module 'libthai'
--   Package 'libthai', required by 'virtual:world', not found
-- Found OpenGL: /usr/lib/x86_64-linux-gnu/libOpenGL.so
-- Performing Test HAVE_OPENGL_EGL
-- Performing Test HAVE_OPENGL_EGL - Success
-- Checking for module 'libdrm'
--   Package 'libdrm', required by 'virtual:world', not found
-- Checking for module 'gbm'
--   Package 'gbm', required by 'virtual:world', not found
-- Performing Test HAVE_OPENGL_GLX
-- Performing Test HAVE_OPENGL_GLX - Success
-- Performing Test HAVE_OPENGL
-- Performing Test HAVE_OPENGL - Success
-- Performing Test HAVE_OPENGLES_V1
-- Performing Test HAVE_OPENGLES_V1 - Success
-- Performing Test HAVE_OPENGLES_V2
-- Performing Test HAVE_OPENGLES_V2 - Success
-- Checking for modules 'wayland-client>=1.18;wayland-egl;wayland-cursor;egl;xkbcommon>=0.5.0'
--   Found wayland-client, version 1.22.0
--   Found wayland-egl, version 18.1.0
--   Found wayland-cursor, version 1.22.0
--   Found egl, version 1.5
--   Found xkbcommon, version 1.6.0
-- dynamic libwayland-client -> libwayland-client.so.0
-- dynamic libwayland-egl -> libwayland-egl.so.1
-- dynamic libwayland-cursor -> libwayland-cursor.so.0
-- dynamic libxkbcommon -> libxkbcommon.so.0
-- Checking for module 'libdecor-0'
--   Found libdecor-0, version 0.2.2
-- dynamic libdecor-0 -> libdecor-0.so.0
-- Performing Test HAVE_LINUX_INPUT_H
-- Performing Test HAVE_LINUX_INPUT_H - Success
-- Performing Test HAVE_INPUT_KD
-- Performing Test HAVE_INPUT_KD - Success
-- Performing Test HAVE_LINUX_VIDEODEV2_H
-- Performing Test HAVE_LINUX_VIDEODEV2_H - Success
-- Looking for libudev.h
-- Looking for libudev.h - not found
-- Looking for sys/inotify.h
-- Looking for sys/inotify.h - found
-- Looking for inotify_init
-- Looking for inotify_init - found
-- Looking for inotify_init1
-- Looking for inotify_init1 - found
-- Checking for one of the modules 'dbus-1;dbus'
-- Checking for one of the modules 'ibus-1.0;ibus'
-- Checking for one of the modules 'liburing-ffi'
-- Checking for module 'libusb-1.0>=1.0.16'
--   Package 'libusb-1.0', required by 'virtual:world', not found
-- Could NOT find LibUSB (missing: LibUSB_LIBRARY LibUSB_INCLUDE_PATH) (found version "LibUSB_VERSION-NOTFOUND")
-- Performing Test HAVE_PTHREADS
-- Performing Test HAVE_PTHREADS - Success
-- Performing Test HAVE_RECURSIVE_MUTEXES
-- Performing Test HAVE_RECURSIVE_MUTEXES - Success
-- Performing Test HAVE_PTHREADS_SEM
-- Performing Test HAVE_PTHREADS_SEM - Success
-- Performing Test COMPILER_HAS_SEM_TIMEDWAIT
-- Performing Test COMPILER_HAS_SEM_TIMEDWAIT - Success
-- Looking for pthread.h
-- Looking for pthread.h - found
-- Looking for pthread_np.h
-- Looking for pthread_np.h - not found
-- Performing Test HAVE_PTHREAD_SETNAME_NP
-- Performing Test HAVE_PTHREAD_SETNAME_NP - Success
-- Looking for clock_gettime in c
-- Looking for clock_gettime in c - found
-- Performing Test HAVE_ENABLE_NEW_DTAGS
-- Performing Test HAVE_ENABLE_NEW_DTAGS - Success
-- Performing Test HAVE_POSIX_SPAWN
-- Performing Test HAVE_POSIX_SPAWN - Success
-- Looking for vfork
-- Looking for vfork - found
-- 
-- SDL3 was configured with the following options:
-- 
-- Platform: Linux-6.17.0-1022-azure
-- 64-bit:   TRUE
-- Compiler: /usr/bin/cc
-- Revision: SDL-3.4.2-HEAD-HASH-NOTFOUND
-- Vendor:   
-- 
-- Subsystems:
--   Audio:    ON
--   Video:    ON
--   GPU:      ON
--   Render:   ON
--   Camera:   ON
--   Joystick: ON
--   Haptic:   ON
--   Hidapi:   ON
--   Power:    ON
--   Sensor:   ON
--   Dialog:   ON
--   Tray:     ON
-- 
-- Options:
--   SDL_ALSA                    (Wanted: ON): ON
--   SDL_ALSA_SHARED             (Wanted: ON): ON
--   SDL_ALTIVEC                 (Wanted: OFF): OFF
--   SDL_ARMNEON                 (Wanted: OFF): OFF
--   SDL_ASAN                    (Wanted: OFF): OFF
--   SDL_ASSEMBLY                (Wanted: ON): ON
--   SDL_ASSERTIONS              (Wanted: auto): auto
--   SDL_AVX                     (Wanted: ON): ON
--   SDL_AVX2                    (Wanted: ON): ON
--   SDL_AVX512F                 (Wanted: ON): ON
--   SDL_BACKGROUNDING_SIGNAL    (Wanted: OFF): OFF
--   SDL_CCACHE                  (Wanted: OFF): OFF
--   SDL_CLANG_TIDY              (Wanted: OFF): OFF
--   SDL_CLOCK_GETTIME           (Wanted: ON): ON
--   SDL_COCOA                   (Wanted: OFF): OFF
--   SDL_DBUS                    (Wanted: ON): ON
--   SDL_DEPS_SHARED             (Wanted: ON): OFF
--   SDL_DIRECTX                 (Wanted: OFF): OFF
--   SDL_DISKAUDIO               (Wanted: ON): ON
--   SDL_DLOPEN_NOTES            (Wanted: ON): ON
--   SDL_DUMMYAUDIO              (Wanted: ON): ON
--   SDL_DUMMYCAMERA             (Wanted: ON): ON
--   SDL_DUMMYVIDEO              (Wanted: ON): ON
--   SDL_EXAMPLES                (Wanted: OFF): OFF
--   SDL_EXAMPLES_LINK_SHARED    (Wanted: ON): OFF
--   SDL_FOREGROUNDING_SIGNAL    (Wanted: OFF): OFF
--   SDL_FRIBIDI                 (Wanted: ON): OFF
--   SDL_FRIBIDI_SHARED          (Wanted: ON): OFF
--   SDL_GCC_ATOMICS             (Wanted: ON): ON
--   SDL_HIDAPI                  (Wanted: ON): ON
--   SDL_HIDAPI_JOYSTICK         (Wanted: ON): ON
--   SDL_HIDAPI_LIBUSB           (Wanted: ON): OFF
--   SDL_HIDAPI_LIBUSB_SHARED    (Wanted: ON): OFF
--   SDL_IBUS                    (Wanted: ON): OFF
--   SDL_INSTALL                 (Wanted: ON): OFF
--   SDL_INSTALL_TESTS           (Wanted: OFF): OFF
--   SDL_JACK                    (Wanted: ON): OFF
--   SDL_JACK_SHARED             (Wanted: ON): OFF
--   SDL_KMSDRM                  (Wanted: ON): OFF
--   SDL_KMSDRM_SHARED           (Wanted: ON): OFF
--   SDL_LASX                    (Wanted: OFF): OFF
--   SDL_LIBC                    (Wanted: ON): ON
--   SDL_LIBICONV                (Wanted: OFF): OFF
--   SDL_LIBTHAI                 (Wanted: ON): OFF
--   SDL_LIBTHAI_SHARED          (Wanted: ON): OFF
--   SDL_LIBUDEV                 (Wanted: ON): OFF
--   SDL_LIBURING                (Wanted: ON): OFF
--   SDL_LSX                     (Wanted: OFF): OFF
--   SDL_METAL                   (Wanted: OFF): OFF
--   SDL_MMX                     (Wanted: ON): ON
--   SDL_OFFSCREEN               (Wanted: ON): ON
--   SDL_OPENGL                  (Wanted: ON): ON
--   SDL_OPENGLES                (Wanted: ON): ON
--   SDL_OPENVR                  (Wanted: OFF): OFF
--   SDL_OSS                     (Wanted: OFF): OFF
--   SDL_PIPEWIRE                (Wanted: ON): OFF
--   SDL_PIPEWIRE_SHARED         (Wanted: ON): OFF
--   SDL_PTHREADS                (Wanted: ON): ON
--   SDL_PTHREADS_SEM            (Wanted: ON): ON
--   SDL_PULSEAUDIO              (Wanted: ON): ON
--   SDL_PULSEAUDIO_SHARED       (Wanted: ON): ON
--   SDL_RENDER_D3D              (Wanted: OFF): OFF
--   SDL_RENDER_D3D11            (Wanted: OFF): OFF
--   SDL_RENDER_D3D12            (Wanted: OFF): OFF
--   SDL_RENDER_GPU              (Wanted: ON): ON
--   SDL_RENDER_METAL            (Wanted: OFF): OFF
--   SDL_RENDER_VULKAN           (Wanted: ON): ON
--   SDL_ROCKCHIP                (Wanted: OFF): OFF
--   SDL_RPATH                   (Wanted: ON): ON
--   SDL_RPI                     (Wanted: OFF): OFF
--   SDL_SNDIO                   (Wanted: ON): OFF
--   SDL_SNDIO_SHARED            (Wanted: ON): OFF
--   SDL_SSE                     (Wanted: ON): ON
--   SDL_SSE2                    (Wanted: ON): ON
--   SDL_SSE3                    (Wanted: ON): ON
--   SDL_SSE4_1                  (Wanted: ON): ON
--   SDL_SSE4_2                  (Wanted: ON): ON
--   SDL_SYSTEM_ICONV            (Wanted: ON): ON
--   SDL_TESTS                   (Wanted: OFF): OFF
--   SDL_TESTS_LINK_SHARED       (Wanted: ON): OFF
--   SDL_UNINSTALL               (Wanted: ON): ON
--   SDL_VIRTUAL_JOYSTICK        (Wanted: ON): ON
--   SDL_VIVANTE                 (Wanted: OFF): OFF
--   SDL_VULKAN                  (Wanted: ON): ON
--   SDL_WASAPI                  (Wanted: OFF): OFF
--   SDL_WAYLAND                 (Wanted: ON): ON
--   SDL_WAYLAND_LIBDECOR        (Wanted: ON): ON
--   SDL_WAYLAND_LIBDECOR_SHARED (Wanted: ON): ON
--   SDL_WAYLAND_SHARED          (Wanted: ON): ON
--   SDL_X11                     (Wanted: ON): ON
--   SDL_X11_SHARED              (Wanted: ON): ON
--   SDL_X11_XCURSOR             (Wanted: ON): ON
--   SDL_X11_XDBE                (Wanted: ON): ON
--   SDL_X11_XFIXES              (Wanted: ON): ON
--   SDL_X11_XINPUT              (Wanted: ON): ON
--   SDL_X11_XRANDR              (Wanted: ON): ON
--   SDL_X11_XSCRNSAVER          (Wanted: ON): ON
--   SDL_X11_XSHAPE              (Wanted: ON): ON
--   SDL_X11_XSYNC               (Wanted: ON): ON
--   SDL_X11_XTEST               (Wanted: ON): ON
--   SDL_XINPUT                  (Wanted: OFF): OFF
-- 
--  Build Shared Library: ON
--  Build Static Library: OFF
-- 
-- Enabled backends:
--   Video drivers: dummy offscreen wayland(dynamic) x11(dynamic)
--   X11 libraries: xcursor xdbe xfixes xinput2 xrandr xscrnsaver xshape xsync xtest
--   Render drivers: gpu ogl ogl_es2 vulkan
--   GPU drivers: vulkan
--   Audio drivers: alsa(dynamic) disk dummy pulseaudio(dynamic)
--   Joystick drivers: hidapi linux virtual
--   Camera drivers: dummy v4l2
-- 
-- If something was not detected, although the libraries
-- were installed, then make sure you have set the
-- CMAKE_C_FLAGS and CMAKE_PREFIX_PATH CMake variables correctly.
-- 
-- Configuring done (18.5s)
-- Generating done (0.1s)
-- Build files have been written to: /home/runner/work/MonsterWar/MonsterWar/build-linux-prebuilt/obj/sdl3
[0/2] Re-checking globbed directories...
[1/364] Building C object CMakeFiles/SDL_uclibc.dir/src/libm/e_exp.c.o
[2/364] Building C object CMakeFiles/SDL_uclibc.dir/src/libm/e_atan2.c.o
[3/364] Building C object CMakeFiles/SDL_uclibc.dir/src/libm/e_log.c.o
[4/364] Building C object CMakeFiles/SDL_uclibc.dir/src/libm/e_fmod.c.o
[5/364] Building C object CMakeFiles/SDL_uclibc.dir/src/libm/e_log10.c.o
[6/364] Building C object CMakeFiles/SDL_uclibc.dir/src/libm/e_pow.c.o
[7/364] Building C object CMakeFiles/SDL_uclibc.dir/src/libm/e_rem_pio2.c.o
[8/364] Building C object CMakeFiles/SDL_uclibc.dir/src/libm/e_sqrt.c.o
[9/364] Building C object CMakeFiles/SDL_uclibc.dir/src/libm/k_cos.c.o
[10/364] Building C object CMakeFiles/SDL_uclibc.dir/src/libm/k_rem_pio2.c.o
[11/364] Building C object CMakeFiles/SDL_uclibc.dir/src/libm/k_sin.c.o
[12/364] Building C object CMakeFiles/SDL_uclibc.dir/src/libm/k_tan.c.o
[13/364] Building C object CMakeFiles/SDL_uclibc.dir/src/libm/s_atan.c.o
[14/364] Building C object CMakeFiles/SDL_uclibc.dir/src/libm/s_copysign.c.o
[15/364] Building C object CMakeFiles/SDL_uclibc.dir/src/libm/s_cos.c.o
[16/364] Building C object CMakeFiles/SDL_uclibc.dir/src/libm/s_fabs.c.o
[17/364] Building C object CMakeFiles/SDL_uclibc.dir/src/libm/s_floor.c.o
[18/364] Building C object CMakeFiles/SDL_uclibc.dir/src/libm/s_isinf.c.o
[19/364] Building C object CMakeFiles/SDL_uclibc.dir/src/libm/s_isinff.c.o
[20/364] Building C object CMakeFiles/SDL_uclibc.dir/src/libm/s_isnan.c.o
[21/364] Building C object CMakeFiles/SDL_uclibc.dir/src/libm/s_isnanf.c.o
[22/364] Building C object CMakeFiles/SDL_uclibc.dir/src/libm/s_modf.c.o
[23/364] Building C object CMakeFiles/SDL_uclibc.dir/src/libm/s_scalbn.c.o
[24/364] Building C object CMakeFiles/SDL_uclibc.dir/src/libm/s_sin.c.o
[25/364] Building C object CMakeFiles/SDL_uclibc.dir/src/libm/s_tan.c.o
[26/364] Linking C static library libSDL_uclibc.a
[27/364] Generating wayland-generated-protocols/alpha-modifier-v1-client-protocol.h
[28/364] Generating wayland-generated-protocols/color-management-v1-client-protocol.h
/home/runner/work/MonsterWar/MonsterWar/external/SDL-release-3.4.2/wayland-protocols/color-management-v1.xml:328: element entry: validity error : No declaration for attribute deprecated-since of element entry
/home/runner/work/MonsterWar/MonsterWar/external/SDL-release-3.4.2/wayland-protocols/color-management-v1.xml:338: element entry: validity error : No declaration for attribute deprecated-since of element entry
/home/runner/work/MonsterWar/MonsterWar/external/SDL-release-3.4.2/wayland-protocols/color-management-v1.xml:781: element event: validity error : No declaration for attribute deprecated-since of element event
/home/runner/work/MonsterWar/MonsterWar/external/SDL-release-3.4.2/wayland-protocols/color-management-v1.xml:1443: element event: validity error : No declaration for attribute deprecated-since of element event
*******************************************************
*                                                     *
* WARNING: XML failed validation against built-in DTD *
*                                                     *
*******************************************************
[29/364] Generating wayland-generated-protocols/cursor-shape-v1-client-protocol.h
[30/364] Generating wayland-generated-protocols/fractional-scale-v1-client-protocol.h
[31/364] Generating wayland-generated-protocols/frog-color-management-v1-client-protocol.h
[32/364] Generating wayland-generated-protocols/idle-inhibit-unstable-v1-client-protocol.h
[33/364] Generating wayland-generated-protocols/input-timestamps-unstable-v1-client-protocol.h
[34/364] Generating wayland-generated-protocols/keyboard-shortcuts-inhibit-unstable-v1-client-protocol.h
[35/364] Generating wayland-generated-protocols/pointer-constraints-unstable-v1-client-protocol.h
[36/364] Generating wayland-generated-protocols/pointer-gestures-unstable-v1-client-protocol.h
[37/364] Generating wayland-generated-protocols/pointer-warp-v1-client-protocol.h
[38/364] Generating wayland-generated-protocols/primary-selection-unstable-v1-client-protocol.h
[39/364] Generating wayland-generated-protocols/relative-pointer-unstable-v1-client-protocol.h
[40/364] Generating wayland-generated-protocols/tablet-v2-client-protocol.h
[41/364] Generating wayland-generated-protocols/text-input-unstable-v3-client-protocol.h
[42/364] Generating wayland-generated-protocols/viewporter-client-protocol.h
[43/364] Generating wayland-generated-protocols/xdg-activation-v1-client-protocol.h
[44/364] Generating wayland-generated-protocols/wayland-client-protocol.h
/home/runner/work/MonsterWar/MonsterWar/external/SDL-release-3.4.2/wayland-protocols/wayland.xml:2314: element event: validity error : No declaration for attribute deprecated-since of element event
*******************************************************
*                                                     *
* WARNING: XML failed validation against built-in DTD *
*                                                     *
*******************************************************
[45/364] Generating wayland-generated-protocols/xdg-decoration-unstable-v1-client-protocol.h
[46/364] Generating wayland-generated-protocols/xdg-dialog-v1-client-protocol.h
[47/364] Generating wayland-generated-protocols/xdg-foreign-unstable-v2-client-protocol.h
[48/364] Generating wayland-generated-protocols/xdg-output-unstable-v1-client-protocol.h
[49/364] Generating wayland-generated-protocols/xdg-shell-client-protocol.h
[50/364] Generating wayland-generated-protocols/xdg-toplevel-icon-v1-client-protocol.h
[51/364] Generating wayland-generated-protocols/alpha-modifier-v1-protocol.c
[52/364] Generating wayland-generated-protocols/color-management-v1-protocol.c
/home/runner/work/MonsterWar/MonsterWar/external/SDL-release-3.4.2/wayland-protocols/color-management-v1.xml:328: element entry: validity error : No declaration for attribute deprecated-since of element entry
/home/runner/work/MonsterWar/MonsterWar/external/SDL-release-3.4.2/wayland-protocols/color-management-v1.xml:338: element entry: validity error : No declaration for attribute deprecated-since of element entry
/home/runner/work/MonsterWar/MonsterWar/external/SDL-release-3.4.2/wayland-protocols/color-management-v1.xml:781: element event: validity error : No declaration for attribute deprecated-since of element event
/home/runner/work/MonsterWar/MonsterWar/external/SDL-release-3.4.2/wayland-protocols/color-management-v1.xml:1443: element event: validity error : No declaration for attribute deprecated-since of element event
*******************************************************
*                                                     *
* WARNING: XML failed validation against built-in DTD *
*                                                     *
*******************************************************
[53/364] Generating wayland-generated-protocols/cursor-shape-v1-protocol.c
[54/364] Generating wayland-generated-protocols/fractional-scale-v1-protocol.c
[55/364] Generating wayland-generated-protocols/frog-color-management-v1-protocol.c
[56/364] Generating wayland-generated-protocols/idle-inhibit-unstable-v1-protocol.c
[57/364] Generating wayland-generated-protocols/input-timestamps-unstable-v1-protocol.c
[58/364] Generating wayland-generated-protocols/keyboard-shortcuts-inhibit-unstable-v1-protocol.c
[59/364] Generating wayland-generated-protocols/pointer-constraints-unstable-v1-protocol.c
[60/364] Generating wayland-generated-protocols/pointer-gestures-unstable-v1-protocol.c
[61/364] Generating wayland-generated-protocols/pointer-warp-v1-protocol.c
[62/364] Generating wayland-generated-protocols/primary-selection-unstable-v1-protocol.c
[63/364] Generating wayland-generated-protocols/relative-pointer-unstable-v1-protocol.c
[64/364] Generating wayland-generated-protocols/tablet-v2-protocol.c
[65/364] Generating wayland-generated-protocols/text-input-unstable-v3-protocol.c
[66/364] Generating wayland-generated-protocols/viewporter-protocol.c
[67/364] Generating wayland-generated-protocols/xdg-activation-v1-protocol.c
[68/364] Generating wayland-generated-protocols/wayland-protocol.c
/home/runner/work/MonsterWar/MonsterWar/external/SDL-release-3.4.2/wayland-protocols/wayland.xml:2314: element event: validity error : No declaration for attribute deprecated-since of element event
*******************************************************
*                                                     *
* WARNING: XML failed validation against built-in DTD *
*                                                     *
*******************************************************
[69/364] Generating wayland-generated-protocols/xdg-decoration-unstable-v1-protocol.c
[70/364] Generating wayland-generated-protocols/xdg-dialog-v1-protocol.c
[71/364] Generating wayland-generated-protocols/xdg-foreign-unstable-v2-protocol.c
[72/364] Generating wayland-generated-protocols/xdg-output-unstable-v1-protocol.c
[73/364] Generating wayland-generated-protocols/xdg-shell-protocol.c
[74/364] Generating wayland-generated-protocols/xdg-toplevel-icon-v1-protocol.c
[75/364] Building C object CMakeFiles/SDL3-shared.dir/cmake_pch.h.gch
[76/364] Building C object CMakeFiles/SDL3-shared.dir/src/SDL.c.o
[77/364] Building C object CMakeFiles/SDL3-shared.dir/src/SDL_assert.c.o
[78/364] Building C object CMakeFiles/SDL3-shared.dir/src/SDL_error.c.o
[79/364] Building C object CMakeFiles/SDL3-shared.dir/src/SDL_guid.c.o
[80/364] Building C object CMakeFiles/SDL3-shared.dir/src/SDL_hashtable.c.o
[81/364] Building C object CMakeFiles/SDL3-shared.dir/src/SDL_hints.c.o
[82/364] Building C object CMakeFiles/SDL3-shared.dir/src/SDL_list.c.o
[83/364] Building C object CMakeFiles/SDL3-shared.dir/src/SDL_log.c.o
[84/364] Building C object CMakeFiles/SDL3-shared.dir/src/SDL_properties.c.o
[85/364] Building C object CMakeFiles/SDL3-shared.dir/src/SDL_utils.c.o
[86/364] Building C object CMakeFiles/SDL3-shared.dir/src/atomic/SDL_atomic.c.o
[87/364] Building C object CMakeFiles/SDL3-shared.dir/src/atomic/SDL_spinlock.c.o
[88/364] Building C object CMakeFiles/SDL3-shared.dir/src/audio/SDL_audio.c.o
[89/364] Building C object CMakeFiles/SDL3-shared.dir/src/dynapi/SDL_dynapi.c.o
[90/364] Building C object CMakeFiles/SDL3-shared.dir/src/audio/SDL_audiodev.c.o
[91/364] Building C object CMakeFiles/SDL3-shared.dir/src/audio/SDL_audiocvt.c.o
[92/364] Building C object CMakeFiles/SDL3-shared.dir/src/audio/SDL_audioqueue.c.o
[93/364] Building C object CMakeFiles/SDL3-shared.dir/src/audio/SDL_audioresample.c.o
[94/364] Building C object CMakeFiles/SDL3-shared.dir/src/audio/SDL_mixer.c.o
[95/364] Building C object CMakeFiles/SDL3-shared.dir/src/audio/SDL_audiotypecvt.c.o
[96/364] Building C object CMakeFiles/SDL3-shared.dir/src/camera/SDL_camera.c.o
[97/364] Building C object CMakeFiles/SDL3-shared.dir/src/core/SDL_core_unsupported.c.o
[98/364] Building C object CMakeFiles/SDL3-shared.dir/src/audio/SDL_wave.c.o
[99/364] Building C object CMakeFiles/SDL3-shared.dir/src/events/SDL_categories.c.o
[100/364] Building C object CMakeFiles/SDL3-shared.dir/src/cpuinfo/SDL_cpuinfo.c.o
[101/364] Building C object CMakeFiles/SDL3-shared.dir/src/events/SDL_clipboardevents.c.o
[102/364] Building C object CMakeFiles/SDL3-shared.dir/src/events/SDL_displayevents.c.o
[103/364] Building C object CMakeFiles/SDL3-shared.dir/src/events/SDL_dropevents.c.o
[104/364] Building C object CMakeFiles/SDL3-shared.dir/src/events/SDL_eventwatch.c.o
[105/364] Building C object CMakeFiles/SDL3-shared.dir/src/events/SDL_keyboard.c.o
[106/364] Building C object CMakeFiles/SDL3-shared.dir/src/events/SDL_events.c.o
[107/364] Building C object CMakeFiles/SDL3-shared.dir/src/events/SDL_keysym_to_keycode.c.o
[108/364] Building C object CMakeFiles/SDL3-shared.dir/src/events/SDL_keysym_to_scancode.c.o
[109/364] Building C object CMakeFiles/SDL3-shared.dir/src/events/SDL_keymap.c.o
[110/364] Building C object CMakeFiles/SDL3-shared.dir/src/events/SDL_pen.c.o
[111/364] Building C object CMakeFiles/SDL3-shared.dir/src/events/SDL_quit.c.o
[112/364] Building C object CMakeFiles/SDL3-shared.dir/src/events/SDL_scancode_tables.c.o
[113/364] Building C object CMakeFiles/SDL3-shared.dir/src/events/SDL_mouse.c.o
[114/364] Building C object CMakeFiles/SDL3-shared.dir/src/events/SDL_touch.c.o
[115/364] Building C object CMakeFiles/SDL3-shared.dir/src/events/SDL_windowevents.c.o
[116/364] Building C object CMakeFiles/SDL3-shared.dir/src/events/imKStoUCS.c.o
[117/364] Building C object CMakeFiles/SDL3-shared.dir/src/filesystem/SDL_filesystem.c.o
[118/364] Building C object CMakeFiles/SDL3-shared.dir/src/haptic/SDL_haptic.c.o
[119/364] Building C object CMakeFiles/SDL3-shared.dir/src/hidapi/SDL_hidapi.c.o
[120/364] Building C object CMakeFiles/SDL3-shared.dir/src/io/SDL_asyncio.c.o
[121/364] Building C object CMakeFiles/SDL3-shared.dir/src/gpu/SDL_gpu.c.o
[122/364] Building C object CMakeFiles/SDL3-shared.dir/src/io/generic/SDL_asyncio_generic.c.o
[123/364] Building C object CMakeFiles/SDL3-shared.dir/src/io/SDL_iostream.c.o
[124/364] Building C object CMakeFiles/SDL3-shared.dir/src/joystick/SDL_gamepad.c.o
[125/364] Building C object CMakeFiles/SDL3-shared.dir/src/joystick/SDL_steam_virtual_gamepad.c.o
[126/364] Building C object CMakeFiles/SDL3-shared.dir/src/joystick/controller_type.c.o
[127/364] Building C object CMakeFiles/SDL3-shared.dir/src/locale/SDL_locale.c.o
[128/364] Building C object CMakeFiles/SDL3-shared.dir/src/main/SDL_main_callbacks.c.o
[129/364] Building C object CMakeFiles/SDL3-shared.dir/src/main/SDL_runapp.c.o
[130/364] Building C object CMakeFiles/SDL3-shared.dir/src/joystick/SDL_joystick.c.o
[131/364] Building C object CMakeFiles/SDL3-shared.dir/src/misc/SDL_libusb.c.o
[132/364] Building C object CMakeFiles/SDL3-shared.dir/src/misc/SDL_url.c.o
[133/364] Building C object CMakeFiles/SDL3-shared.dir/src/power/SDL_power.c.o
[134/364] Building C object CMakeFiles/SDL3-shared.dir/src/render/SDL_render_unsupported.c.o
[135/364] Building C object CMakeFiles/SDL3-shared.dir/src/render/SDL_yuv_sw.c.o
[136/364] Building C object CMakeFiles/SDL3-shared.dir/src/render/direct3d/SDL_render_d3d.c.o
[137/364] Building C object CMakeFiles/SDL3-shared.dir/src/render/direct3d/SDL_shaders_d3d.c.o
[138/364] Building C object CMakeFiles/SDL3-shared.dir/src/render/direct3d11/SDL_render_d3d11.c.o
[139/364] Building C object CMakeFiles/SDL3-shared.dir/src/render/direct3d11/SDL_shaders_d3d11.c.o
[140/364] Building C object CMakeFiles/SDL3-shared.dir/src/render/direct3d12/SDL_render_d3d12.c.o
[141/364] Building C object CMakeFiles/SDL3-shared.dir/src/render/direct3d12/SDL_shaders_d3d12.c.o
[142/364] Building C object CMakeFiles/SDL3-shared.dir/src/render/gpu/SDL_pipeline_gpu.c.o
[143/364] Building C object CMakeFiles/SDL3-shared.dir/src/render/gpu/SDL_render_gpu.c.o
[144/364] Building C object CMakeFiles/SDL3-shared.dir/src/render/gpu/SDL_shaders_gpu.c.o
[145/364] Building C object CMakeFiles/SDL3-shared.dir/src/render/ngage/SDL_render_ngage.c.o
[146/364] Building C object CMakeFiles/SDL3-shared.dir/src/render/opengl/SDL_render_gl.c.o
[147/364] Building C object CMakeFiles/SDL3-shared.dir/src/render/opengl/SDL_shaders_gl.c.o
[148/364] Building C object CMakeFiles/SDL3-shared.dir/src/render/SDL_render.c.o
[149/364] Building C object CMakeFiles/SDL3-shared.dir/src/render/opengles2/SDL_shaders_gles2.c.o
[150/364] Building C object CMakeFiles/SDL3-shared.dir/src/render/ps2/SDL_render_ps2.c.o
[151/364] Building C object CMakeFiles/SDL3-shared.dir/src/render/psp/SDL_render_psp.c.o
[152/364] Building C object CMakeFiles/SDL3-shared.dir/src/render/opengles2/SDL_render_gles2.c.o
[153/364] Building C object CMakeFiles/SDL3-shared.dir/src/render/software/SDL_blendfillrect.c.o
[154/364] Building C object CMakeFiles/SDL3-shared.dir/src/render/software/SDL_blendpoint.c.o
[155/364] Building C object CMakeFiles/SDL3-shared.dir/src/render/software/SDL_drawline.c.o
[156/364] Building C object CMakeFiles/SDL3-shared.dir/src/render/software/SDL_drawpoint.c.o
[157/364] Building C object CMakeFiles/SDL3-shared.dir/src/render/software/SDL_blendline.c.o
[158/364] Building C object CMakeFiles/SDL3-shared.dir/src/render/software/SDL_render_sw.c.o
[159/364] Building C object CMakeFiles/SDL3-shared.dir/src/render/vitagxm/SDL_render_vita_gxm.c.o
[160/364] Building C object CMakeFiles/SDL3-shared.dir/src/render/vitagxm/SDL_render_vita_gxm_memory.c.o
[161/364] Building C object CMakeFiles/SDL3-shared.dir/src/render/vitagxm/SDL_render_vita_gxm_tools.c.o
[162/364] Building C object CMakeFiles/SDL3-shared.dir/src/render/software/SDL_triangle.c.o
[163/364] Building C object CMakeFiles/SDL3-shared.dir/src/render/vulkan/SDL_shaders_vulkan.c.o
[164/364] Building C object CMakeFiles/SDL3-shared.dir/src/sensor/SDL_sensor.c.o
[165/364] Building C object CMakeFiles/SDL3-shared.dir/src/stdlib/SDL_crc16.c.o
[166/364] Building C object CMakeFiles/SDL3-shared.dir/src/stdlib/SDL_crc32.c.o
[167/364] Building C object CMakeFiles/SDL3-shared.dir/src/stdlib/SDL_getenv.c.o
[168/364] Building C object CMakeFiles/SDL3-shared.dir/src/stdlib/SDL_iconv.c.o
[169/364] Building C object CMakeFiles/SDL3-shared.dir/src/render/vulkan/SDL_render_vulkan.c.o
[170/364] Building C object CMakeFiles/SDL3-shared.dir/src/stdlib/SDL_memcpy.c.o
[171/364] Building C object CMakeFiles/SDL3-shared.dir/src/stdlib/SDL_malloc.c.o
[172/364] Building C object CMakeFiles/SDL3-shared.dir/src/stdlib/SDL_memmove.c.o
[173/364] Building C object CMakeFiles/SDL3-shared.dir/src/stdlib/SDL_memset.c.o
[174/364] Building C object CMakeFiles/SDL3-shared.dir/src/stdlib/SDL_mslibc.c.o
[175/364] Building C object CMakeFiles/SDL3-shared.dir/src/stdlib/SDL_murmur3.c.o
[176/364] Building C object CMakeFiles/SDL3-shared.dir/src/stdlib/SDL_random.c.o
[177/364] Building C object CMakeFiles/SDL3-shared.dir/src/stdlib/SDL_stdlib.c.o
[178/364] Building C object CMakeFiles/SDL3-shared.dir/src/stdlib/SDL_qsort.c.o
[179/364] Building C object CMakeFiles/SDL3-shared.dir/src/stdlib/SDL_strtokr.c.o
[180/364] Building C object CMakeFiles/SDL3-shared.dir/src/storage/SDL_storage.c.o
[181/364] Building C object CMakeFiles/SDL3-shared.dir/src/stdlib/SDL_string.c.o
[182/364] Building C object CMakeFiles/SDL3-shared.dir/src/time/SDL_time.c.o
[183/364] Building C object CMakeFiles/SDL3-shared.dir/src/thread/SDL_thread.c.o
[184/364] Building C object CMakeFiles/SDL3-shared.dir/src/timer/SDL_timer.c.o
[185/364] Building C object CMakeFiles/SDL3-shared.dir/src/video/SDL_blit.c.o
[186/364] Building C object CMakeFiles/SDL3-shared.dir/src/video/SDL_RLEaccel.c.o
[187/364] Building C object CMakeFiles/SDL3-shared.dir/src/video/SDL_blit_0.c.o
[188/364] Building C object CMakeFiles/SDL3-shared.dir/src/video/SDL_blit_1.c.o
[189/364] Building C object CMakeFiles/SDL3-shared.dir/src/video/SDL_blit_N.c.o
[190/364] Building C object CMakeFiles/SDL3-shared.dir/src/video/SDL_blit_A.c.o
[191/364] Building C object CMakeFiles/SDL3-shared.dir/src/video/SDL_blit_copy.c.o
[192/364] Building C object CMakeFiles/SDL3-shared.dir/src/video/SDL_blit_slow.c.o
[193/364] Building C object CMakeFiles/SDL3-shared.dir/src/video/SDL_bmp.c.o
[194/364] Building C object CMakeFiles/SDL3-shared.dir/src/video/SDL_clipboard.c.o
[195/364] Building C object CMakeFiles/SDL3-shared.dir/src/video/SDL_egl.c.o
[196/364] Building C object CMakeFiles/SDL3-shared.dir/src/video/SDL_fillrect.c.o
[197/364] Building C object CMakeFiles/SDL3-shared.dir/src/video/SDL_pixels.c.o
[198/364] Building C object CMakeFiles/SDL3-shared.dir/src/video/SDL_rect.c.o
[199/364] Building C object CMakeFiles/SDL3-shared.dir/src/video/SDL_rotate.c.o
[200/364] Building C object CMakeFiles/SDL3-shared.dir/src/video/SDL_stb.c.o
[201/364] Building C object CMakeFiles/SDL3-shared.dir/src/video/SDL_stretch.c.o
[202/364] Building C object CMakeFiles/SDL3-shared.dir/src/video/SDL_surface.c.o
[203/364] Building C object CMakeFiles/SDL3-shared.dir/src/video/SDL_blit_auto.c.o
[204/364] Building C object CMakeFiles/SDL3-shared.dir/src/video/SDL_video_unsupported.c.o
[205/364] Building C object CMakeFiles/SDL3-shared.dir/src/video/SDL_vulkan_utils.c.o
[206/364] Building C object CMakeFiles/SDL3-shared.dir/src/video/SDL_video.c.o
[207/364] Building C object CMakeFiles/SDL3-shared.dir/src/video/yuv2rgb/yuv_rgb_lsx.c.o
[208/364] Building C object CMakeFiles/SDL3-shared.dir/src/video/yuv2rgb/yuv_rgb_sse.c.o
[209/364] Building C object CMakeFiles/SDL3-shared.dir/src/video/SDL_yuv.c.o
[210/364] Building C object CMakeFiles/SDL3-shared.dir/src/audio/dummy/SDL_dummyaudio.c.o
[211/364] Building C object CMakeFiles/SDL3-shared.dir/src/audio/disk/SDL_diskaudio.c.o
[212/364] Building C object CMakeFiles/SDL3-shared.dir/src/video/yuv2rgb/yuv_rgb_std.c.o
[213/364] Building C object CMakeFiles/SDL3-shared.dir/src/camera/dummy/SDL_camera_dummy.c.o
[214/364] Building C object CMakeFiles/SDL3-shared.dir/src/loadso/dlopen/SDL_sysloadso.c.o
[215/364] Building C object CMakeFiles/SDL3-shared.dir/src/video/dummy/SDL_nullevents.c.o
[216/364] Building C object CMakeFiles/SDL3-shared.dir/src/video/dummy/SDL_nullframebuffer.c.o
[217/364] Building C object CMakeFiles/SDL3-shared.dir/src/video/dummy/SDL_nullvideo.c.o
[218/364] Building C object CMakeFiles/SDL3-shared.dir/src/joystick/virtual/SDL_virtualjoystick.c.o
[219/364] Building C object CMakeFiles/SDL3-shared.dir/src/audio/pulseaudio/SDL_pulseaudio.c.o
[220/364] Building C object CMakeFiles/SDL3-shared.dir/src/audio/alsa/SDL_alsa_audio.c.o
[221/364] Building C object CMakeFiles/SDL3-shared.dir/src/video/x11/SDL_x11clipboard.c.o
[222/364] Building C object CMakeFiles/SDL3-shared.dir/src/video/x11/SDL_x11dyn.c.o
[223/364] Building C object CMakeFiles/SDL3-shared.dir/src/video/x11/SDL_x11framebuffer.c.o
[224/364] Building C object CMakeFiles/SDL3-shared.dir/src/video/x11/SDL_x11events.c.o
[225/364] Building C object CMakeFiles/SDL3-shared.dir/src/video/x11/SDL_x11messagebox.c.o
[226/364] Building C object CMakeFiles/SDL3-shared.dir/src/video/x11/SDL_x11keyboard.c.o
[227/364] Building C object CMakeFiles/SDL3-shared.dir/src/video/x11/SDL_x11modes.c.o
[228/364] Building C object CMakeFiles/SDL3-shared.dir/src/video/x11/SDL_x11mouse.c.o
[229/364] Building C object CMakeFiles/SDL3-shared.dir/src/video/x11/SDL_x11opengles.c.o
[230/364] Building C object CMakeFiles/SDL3-shared.dir/src/video/x11/SDL_x11opengl.c.o
[231/364] Building C object CMakeFiles/SDL3-shared.dir/src/video/x11/SDL_x11pen.c.o
[232/364] Building C object CMakeFiles/SDL3-shared.dir/src/video/x11/SDL_x11settings.c.o
[233/364] Building C object CMakeFiles/SDL3-shared.dir/src/video/x11/SDL_x11shape.c.o
[234/364] Building C object CMakeFiles/SDL3-shared.dir/src/video/x11/SDL_x11touch.c.o
[235/364] Building C object CMakeFiles/SDL3-shared.dir/src/video/x11/SDL_x11video.c.o
[236/364] Building C object CMakeFiles/SDL3-shared.dir/src/video/x11/SDL_x11toolkit.c.o
[237/364] Building C object CMakeFiles/SDL3-shared.dir/src/video/x11/SDL_x11vulkan.c.o
[238/364] Building C object CMakeFiles/SDL3-shared.dir/src/video/x11/SDL_x11xfixes.c.o
[239/364] Building C object CMakeFiles/SDL3-shared.dir/src/video/x11/SDL_x11xinput2.c.o
[240/364] Building C object CMakeFiles/SDL3-shared.dir/src/video/x11/SDL_x11window.c.o
[241/364] Building C object CMakeFiles/SDL3-shared.dir/src/video/x11/SDL_x11xsync.c.o
[242/364] Building C object CMakeFiles/SDL3-shared.dir/src/video/x11/SDL_x11xtest.c.o
[243/364] Building C object CMakeFiles/SDL3-shared.dir/src/video/x11/edid-parse.c.o
[244/364] Building C object CMakeFiles/SDL3-shared.dir/src/video/x11/xsettings-client.c.o
[245/364] Building C object CMakeFiles/SDL3-shared.dir/src/video/wayland/SDL_waylandclipboard.c.o
[246/364] Building C object CMakeFiles/SDL3-shared.dir/src/video/wayland/SDL_waylandcolor.c.o
[247/364] Building C object CMakeFiles/SDL3-shared.dir/src/video/wayland/SDL_waylanddatamanager.c.o
[248/364] Building C object CMakeFiles/SDL3-shared.dir/src/video/wayland/SDL_waylanddyn.c.o
[249/364] Building C object CMakeFiles/SDL3-shared.dir/src/video/wayland/SDL_waylandkeyboard.c.o
[250/364] Building C object CMakeFiles/SDL3-shared.dir/src/video/wayland/SDL_waylandmessagebox.c.o
[251/364] Building C object CMakeFiles/SDL3-shared.dir/src/video/wayland/SDL_waylandmouse.c.o
[252/364] Building C object CMakeFiles/SDL3-shared.dir/src/video/wayland/SDL_waylandopengles.c.o
[253/364] Building C object CMakeFiles/SDL3-shared.dir/src/video/wayland/SDL_waylandevents.c.o
[254/364] Building C object CMakeFiles/SDL3-shared.dir/src/video/wayland/SDL_waylandshmbuffer.c.o
[255/364] Building C object CMakeFiles/SDL3-shared.dir/src/video/wayland/SDL_waylandvulkan.c.o
[256/364] Building C object CMakeFiles/SDL3-shared.dir/src/video/wayland/SDL_waylandvideo.c.o
[257/364] Building C object CMakeFiles/SDL3-shared.dir/wayland-generated-protocols/alpha-modifier-v1-protocol.c.o
[258/364] Building C object CMakeFiles/SDL3-shared.dir/wayland-generated-protocols/color-management-v1-protocol.c.o
[259/364] Building C object CMakeFiles/SDL3-shared.dir/wayland-generated-protocols/cursor-shape-v1-protocol.c.o
[260/364] Building C object CMakeFiles/SDL3-shared.dir/wayland-generated-protocols/fractional-scale-v1-protocol.c.o
[261/364] Building C object CMakeFiles/SDL3-shared.dir/wayland-generated-protocols/frog-color-management-v1-protocol.c.o
[262/364] Building C object CMakeFiles/SDL3-shared.dir/wayland-generated-protocols/idle-inhibit-unstable-v1-protocol.c.o
[263/364] Building C object CMakeFiles/SDL3-shared.dir/wayland-generated-protocols/input-timestamps-unstable-v1-protocol.c.o
[264/364] Building C object CMakeFiles/SDL3-shared.dir/wayland-generated-protocols/keyboard-shortcuts-inhibit-unstable-v1-protocol.c.o
[265/364] Building C object CMakeFiles/SDL3-shared.dir/wayland-generated-protocols/pointer-constraints-unstable-v1-protocol.c.o
[266/364] Building C object CMakeFiles/SDL3-shared.dir/wayland-generated-protocols/pointer-gestures-unstable-v1-protocol.c.o
[267/364] Building C object CMakeFiles/SDL3-shared.dir/wayland-generated-protocols/pointer-warp-v1-protocol.c.o
[268/364] Building C object CMakeFiles/SDL3-shared.dir/wayland-generated-protocols/primary-selection-unstable-v1-protocol.c.o
[269/364] Building C object CMakeFiles/SDL3-shared.dir/wayland-generated-protocols/relative-pointer-unstable-v1-protocol.c.o
[270/364] Building C object CMakeFiles/SDL3-shared.dir/wayland-generated-protocols/tablet-v2-protocol.c.o
[271/364] Building C object CMakeFiles/SDL3-shared.dir/wayland-generated-protocols/text-input-unstable-v3-protocol.c.o
[272/364] Building C object CMakeFiles/SDL3-shared.dir/wayland-generated-protocols/viewporter-protocol.c.o
[273/364] Building C object CMakeFiles/SDL3-shared.dir/wayland-generated-protocols/wayland-protocol.c.o
[274/364] Building C object CMakeFiles/SDL3-shared.dir/src/video/wayland/SDL_waylandwindow.c.o
[275/364] Building C object CMakeFiles/SDL3-shared.dir/wayland-generated-protocols/xdg-activation-v1-protocol.c.o
[276/364] Building C object CMakeFiles/SDL3-shared.dir/wayland-generated-protocols/xdg-decoration-unstable-v1-protocol.c.o
[277/364] Building C object CMakeFiles/SDL3-shared.dir/wayland-generated-protocols/xdg-dialog-v1-protocol.c.o
[278/364] Building C object CMakeFiles/SDL3-shared.dir/wayland-generated-protocols/xdg-output-unstable-v1-protocol.c.o
[279/364] Building C object CMakeFiles/SDL3-shared.dir/wayland-generated-protocols/xdg-foreign-unstable-v2-protocol.c.o
[280/364] Building C object CMakeFiles/SDL3-shared.dir/wayland-generated-protocols/xdg-toplevel-icon-v1-protocol.c.o
[281/364] Building C object CMakeFiles/SDL3-shared.dir/wayland-generated-protocols/xdg-shell-protocol.c.o
[282/364] Building C object CMakeFiles/SDL3-shared.dir/src/core/unix/SDL_appid.c.o
[283/364] Building C object CMakeFiles/SDL3-shared.dir/src/core/unix/SDL_fribidi.c.o
[284/364] Building C object CMakeFiles/SDL3-shared.dir/src/tray/unix/SDL_tray.c.o
[285/364] Building C object CMakeFiles/SDL3-shared.dir/src/core/unix/SDL_libthai.c.o
[286/364] Building C object CMakeFiles/SDL3-shared.dir/src/core/unix/SDL_gtk.c.o
[287/364] Building C object CMakeFiles/SDL3-shared.dir/src/core/unix/SDL_poll.c.o
[288/364] Building C object CMakeFiles/SDL3-shared.dir/src/camera/v4l2/SDL_camera_v4l2.c.o
[289/364] Building C object CMakeFiles/SDL3-shared.dir/src/haptic/linux/SDL_syshaptic.c.o
[290/364] Building C object CMakeFiles/SDL3-shared.dir/src/core/linux/SDL_system_theme.c.o
[291/364] Building C object CMakeFiles/SDL3-shared.dir/src/core/linux/SDL_progressbar.c.o
[292/364] Building C object CMakeFiles/SDL3-shared.dir/src/core/linux/SDL_dbus.c.o
[293/364] Building C object CMakeFiles/SDL3-shared.dir/src/core/linux/SDL_ime.c.o
[294/364] Building C object CMakeFiles/SDL3-shared.dir/src/core/linux/SDL_fcitx.c.o
[295/364] Building C object CMakeFiles/SDL3-shared.dir/src/core/linux/SDL_evdev.c.o
[296/364] Building C object CMakeFiles/SDL3-shared.dir/src/core/linux/SDL_evdev_capabilities.c.o
[297/364] Building C object CMakeFiles/SDL3-shared.dir/src/core/linux/SDL_threadprio.c.o
[298/364] Building C object CMakeFiles/SDL3-shared.dir/src/core/linux/SDL_evdev_kbd.c.o
[299/364] Building C object CMakeFiles/SDL3-shared.dir/src/joystick/hidapi/SDL_hidapi_combined.c.o
[300/364] Building C object CMakeFiles/SDL3-shared.dir/src/joystick/hidapi/SDL_hidapi_8bitdo.c.o
[301/364] Building C object CMakeFiles/SDL3-shared.dir/src/joystick/hidapi/SDL_hidapi_flydigi.c.o
[302/364] Building C object CMakeFiles/SDL3-shared.dir/src/joystick/hidapi/SDL_hidapi_gamecube.c.o
[303/364] Building C object CMakeFiles/SDL3-shared.dir/src/joystick/hidapi/SDL_hidapi_lg4ff.c.o
[304/364] Building C object CMakeFiles/SDL3-shared.dir/src/joystick/hidapi/SDL_hidapi_luna.c.o
[305/364] Building C object CMakeFiles/SDL3-shared.dir/src/joystick/hidapi/SDL_hidapi_gip.c.o
[306/364] Building C object CMakeFiles/SDL3-shared.dir/src/joystick/hidapi/SDL_hidapi_ps3.c.o
[307/364] Building C object CMakeFiles/SDL3-shared.dir/src/joystick/hidapi/SDL_hidapi_ps4.c.o
[308/364] Building C object CMakeFiles/SDL3-shared.dir/src/joystick/hidapi/SDL_hidapi_rumble.c.o
[309/364] Building C object CMakeFiles/SDL3-shared.dir/src/joystick/hidapi/SDL_hidapi_ps5.c.o
[310/364] Building C object CMakeFiles/SDL3-shared.dir/src/joystick/hidapi/SDL_hidapi_shield.c.o
[311/364] Building C object CMakeFiles/SDL3-shared.dir/src/joystick/hidapi/SDL_hidapi_sinput.c.o
[312/364] Building C object CMakeFiles/SDL3-shared.dir/src/joystick/hidapi/SDL_hidapi_stadia.c.o
[313/364] Building C object CMakeFiles/SDL3-shared.dir/src/joystick/hidapi/SDL_hidapi_steam_hori.c.o
[314/364] Building C object CMakeFiles/SDL3-shared.dir/src/joystick/hidapi/SDL_hidapi_steam_triton.c.o
[315/364] Building C object CMakeFiles/SDL3-shared.dir/src/joystick/hidapi/SDL_hidapi_steam.c.o
[316/364] Building C object CMakeFiles/SDL3-shared.dir/src/joystick/hidapi/SDL_hidapi_steamdeck.c.o
[317/364] Building C object CMakeFiles/SDL3-shared.dir/src/joystick/hidapi/SDL_hidapi_switch2.c.o
[318/364] Building C object CMakeFiles/SDL3-shared.dir/src/joystick/hidapi/SDL_hidapi_wii.c.o
[319/364] Building C object CMakeFiles/SDL3-shared.dir/src/joystick/hidapi/SDL_hidapi_xbox360.c.o
[320/364] Building C object CMakeFiles/SDL3-shared.dir/src/joystick/hidapi/SDL_hidapi_switch.c.o
[321/364] Building C object CMakeFiles/SDL3-shared.dir/src/joystick/hidapi/SDL_hidapi_xbox360w.c.o
[322/364] Building C object CMakeFiles/SDL3-shared.dir/src/joystick/hidapi/SDL_hidapi_zuiki.c.o
[323/364] Building C object CMakeFiles/SDL3-shared.dir/src/joystick/hidapi/SDL_hidapi_xboxone.c.o
[324/364] Building C object CMakeFiles/SDL3-shared.dir/src/joystick/hidapi/SDL_report_descriptor.c.o
[325/364] Building C object CMakeFiles/SDL3-shared.dir/src/joystick/hidapi/SDL_hidapijoystick.c.o
[326/364] Building C object CMakeFiles/SDL3-shared.dir/src/haptic/hidapi/SDL_hidapihaptic.c.o
[327/364] Building C object CMakeFiles/SDL3-shared.dir/src/haptic/hidapi/SDL_hidapihaptic_lg4ff.c.o
[328/364] Building C object CMakeFiles/SDL3-shared.dir/src/thread/pthread/SDL_systhread.c.o
[329/364] Building C object CMakeFiles/SDL3-shared.dir/src/thread/pthread/SDL_sysmutex.c.o
[330/364] Building C object CMakeFiles/SDL3-shared.dir/src/thread/pthread/SDL_syscond.c.o
[331/364] Building C object CMakeFiles/SDL3-shared.dir/src/joystick/linux/SDL_sysjoystick.c.o
[332/364] Building C object CMakeFiles/SDL3-shared.dir/src/thread/pthread/SDL_sysrwlock.c.o
[333/364] Building C object CMakeFiles/SDL3-shared.dir/src/thread/pthread/SDL_systls.c.o
[334/364] Building C object CMakeFiles/SDL3-shared.dir/src/thread/pthread/SDL_syssem.c.o
[335/364] Building C object CMakeFiles/SDL3-shared.dir/src/misc/unix/SDL_sysurl.c.o
[336/364] Building C object CMakeFiles/SDL3-shared.dir/src/locale/unix/SDL_syslocale.c.o
[337/364] Building C object CMakeFiles/SDL3-shared.dir/src/filesystem/unix/SDL_sysfilesystem.c.o
[338/364] Building C object CMakeFiles/SDL3-shared.dir/src/power/linux/SDL_syspower.c.o
[339/364] Building C object CMakeFiles/SDL3-shared.dir/src/storage/steam/SDL_steamstorage.c.o
[340/364] Building C object CMakeFiles/SDL3-shared.dir/src/storage/generic/SDL_genericstorage.c.o
[341/364] Building C object CMakeFiles/SDL3-shared.dir/src/time/unix/SDL_systime.c.o
[342/364] Building C object CMakeFiles/SDL3-shared.dir/src/filesystem/posix/SDL_sysfsops.c.o
[343/364] Building C object CMakeFiles/SDL3-shared.dir/src/timer/unix/SDL_systimer.c.o
[344/364] Building C object CMakeFiles/SDL3-shared.dir/src/dialog/SDL_dialog.c.o
[345/364] Building C object CMakeFiles/SDL3-shared.dir/src/dialog/unix/SDL_unixdialog.c.o
[346/364] Building C object CMakeFiles/SDL3-shared.dir/src/dialog/SDL_dialog_utils.c.o
[347/364] Building C object CMakeFiles/SDL3-shared.dir/src/dialog/unix/SDL_zenitydialog.c.o
[348/364] Building C object CMakeFiles/SDL3-shared.dir/src/dialog/unix/SDL_portaldialog.c.o
[349/364] Building C object CMakeFiles/SDL3-shared.dir/src/dialog/unix/SDL_zenitymessagebox.c.o
[350/364] Building C object CMakeFiles/SDL3-shared.dir/src/process/SDL_process.c.o
[351/364] Building C object CMakeFiles/SDL3-shared.dir/src/video/offscreen/SDL_offscreenevents.c.o
[352/364] Building C object CMakeFiles/SDL3-shared.dir/src/process/posix/SDL_posixprocess.c.o
[353/364] Building C object CMakeFiles/SDL3-shared.dir/src/video/offscreen/SDL_offscreenframebuffer.c.o
[354/364] Building C object CMakeFiles/SDL3-shared.dir/src/video/offscreen/SDL_offscreenopengles.c.o
[355/364] Building C object CMakeFiles/SDL3-shared.dir/src/video/offscreen/SDL_offscreenvideo.c.o
[356/364] Building C object CMakeFiles/SDL3-shared.dir/src/video/offscreen/SDL_offscreenwindow.c.o
[357/364] Building C object CMakeFiles/SDL3-shared.dir/src/tray/SDL_tray_utils.c.o
[358/364] Building C object CMakeFiles/SDL3-shared.dir/src/video/offscreen/SDL_offscreenvulkan.c.o
[359/364] Building C object CMakeFiles/SDL3-shared.dir/src/sensor/dummy/SDL_dummysensor.c.o
[360/364] Building C object CMakeFiles/SDL3-shared.dir/src/main/generic/SDL_sysmain_callbacks.c.o
[361/364] Building C object CMakeFiles/SDL3-shared.dir/src/gpu/vulkan/SDL_gpu_vulkan.c.o
[362/364] Linking C shared library libSDL3.so.0.4.2
[363/364] Creating library symlink libSDL3.so.0 libSDL3.so
-- Install configuration: "Release"
-- Installing: /home/runner/work/MonsterWar/MonsterWar/prebuilt/linux/lib/pkgconfig/sdl3.pc
-- Installing: /home/runner/work/MonsterWar/MonsterWar/prebuilt/linux/lib/libSDL3.so.0.4.2
-- Installing: /home/runner/work/MonsterWar/MonsterWar/prebuilt/linux/lib/libSDL3.so.0
-- Installing: /home/runner/work/MonsterWar/MonsterWar/prebuilt/linux/lib/libSDL3.so
-- Installing: /home/runner/work/MonsterWar/MonsterWar/prebuilt/linux/lib/cmake/SDL3/SDL3headersTargets.cmake
-- Installing: /home/runner/work/MonsterWar/MonsterWar/prebuilt/linux/lib/cmake/SDL3/SDL3sharedTargets.cmake
-- Installing: /home/runner/work/MonsterWar/MonsterWar/prebuilt/linux/lib/cmake/SDL3/SDL3sharedTargets-release.cmake
-- Installing: /home/runner/work/MonsterWar/MonsterWar/prebuilt/linux/lib/cmake/SDL3/SDL3Config.cmake
-- Installing: /home/runner/work/MonsterWar/MonsterWar/prebuilt/linux/lib/cmake/SDL3/SDL3ConfigVersion.cmake
-- Installing: /home/runner/work/MonsterWar/MonsterWar/prebuilt/linux/include/SDL3/SDL.h
-- Installing: /home/runner/work/MonsterWar/MonsterWar/prebuilt/linux/include/SDL3/SDL_assert.h
-- Installing: /home/runner/work/MonsterWar/MonsterWar/prebuilt/linux/include/SDL3/SDL_asyncio.h
-- Installing: /home/runner/work/MonsterWar/MonsterWar/prebuilt/linux/include/SDL3/SDL_atomic.h
-- Installing: /home/runner/work/MonsterWar/MonsterWar/prebuilt/linux/include/SDL3/SDL_audio.h
-- Installing: /home/runner/work/MonsterWar/MonsterWar/prebuilt/linux/include/SDL3/SDL_begin_code.h
-- Installing: /home/runner/work/MonsterWar/MonsterWar/prebuilt/linux/include/SDL3/SDL_bits.h
-- Installing: /home/runner/work/MonsterWar/MonsterWar/prebuilt/linux/include/SDL3/SDL_blendmode.h
-- Installing: /home/runner/work/MonsterWar/MonsterWar/prebuilt/linux/include/SDL3/SDL_camera.h
-- Installing: /home/runner/work/MonsterWar/MonsterWar/prebuilt/linux/include/SDL3/SDL_clipboard.h
-- Installing: /home/runner/work/MonsterWar/MonsterWar/prebuilt/linux/include/SDL3/SDL_close_code.h
-- Installing: /home/runner/work/MonsterWar/MonsterWar/prebuilt/linux/include/SDL3/SDL_copying.h
-- Installing: /home/runner/work/MonsterWar/MonsterWar/prebuilt/linux/include/SDL3/SDL_cpuinfo.h
-- Installing: /home/runner/work/MonsterWar/MonsterWar/prebuilt/linux/include/SDL3/SDL_dialog.h
-- Installing: /home/runner/work/MonsterWar/MonsterWar/prebuilt/linux/include/SDL3/SDL_dlopennote.h
-- Installing: /home/runner/work/MonsterWar/MonsterWar/prebuilt/linux/include/SDL3/SDL_egl.h
-- Installing: /home/runner/work/MonsterWar/MonsterWar/prebuilt/linux/include/SDL3/SDL_endian.h
-- Installing: /home/runner/work/MonsterWar/MonsterWar/prebuilt/linux/include/SDL3/SDL_error.h
-- Installing: /home/runner/work/MonsterWar/MonsterWar/prebuilt/linux/include/SDL3/SDL_events.h
-- Installing: /home/runner/work/MonsterWar/MonsterWar/prebuilt/linux/include/SDL3/SDL_filesystem.h
-- Installing: /home/runner/work/MonsterWar/MonsterWar/prebuilt/linux/include/SDL3/SDL_gamepad.h
-- Installing: /home/runner/work/MonsterWar/MonsterWar/prebuilt/linux/include/SDL3/SDL_gpu.h
-- Installing: /home/runner/work/MonsterWar/MonsterWar/prebuilt/linux/include/SDL3/SDL_guid.h
-- Installing: /home/runner/work/MonsterWar/MonsterWar/prebuilt/linux/include/SDL3/SDL_haptic.h
-- Installing: /home/runner/work/MonsterWar/MonsterWar/prebuilt/linux/include/SDL3/SDL_hidapi.h
-- Installing: /home/runner/work/MonsterWar/MonsterWar/prebuilt/linux/include/SDL3/SDL_hints.h
-- Installing: /home/runner/work/MonsterWar/MonsterWar/prebuilt/linux/include/SDL3/SDL_init.h
-- Installing: /home/runner/work/MonsterWar/MonsterWar/prebuilt/linux/include/SDL3/SDL_intrin.h
-- Installing: /home/runner/work/MonsterWar/MonsterWar/prebuilt/linux/include/SDL3/SDL_iostream.h
-- Installing: /home/runner/work/MonsterWar/MonsterWar/prebuilt/linux/include/SDL3/SDL_joystick.h
-- Installing: /home/runner/work/MonsterWar/MonsterWar/prebuilt/linux/include/SDL3/SDL_keyboard.h
-- Installing: /home/runner/work/MonsterWar/MonsterWar/prebuilt/linux/include/SDL3/SDL_keycode.h
-- Installing: /home/runner/work/MonsterWar/MonsterWar/prebuilt/linux/include/SDL3/SDL_loadso.h
-- Installing: /home/runner/work/MonsterWar/MonsterWar/prebuilt/linux/include/SDL3/SDL_locale.h
-- Installing: /home/runner/work/MonsterWar/MonsterWar/prebuilt/linux/include/SDL3/SDL_log.h
-- Installing: /home/runner/work/MonsterWar/MonsterWar/prebuilt/linux/include/SDL3/SDL_main.h
-- Installing: /home/runner/work/MonsterWar/MonsterWar/prebuilt/linux/include/SDL3/SDL_main_impl.h
-- Installing: /home/runner/work/MonsterWar/MonsterWar/prebuilt/linux/include/SDL3/SDL_messagebox.h
-- Installing: /home/runner/work/MonsterWar/MonsterWar/prebuilt/linux/include/SDL3/SDL_metal.h
-- Installing: /home/runner/work/MonsterWar/MonsterWar/prebuilt/linux/include/SDL3/SDL_misc.h
-- Installing: /home/runner/work/MonsterWar/MonsterWar/prebuilt/linux/include/SDL3/SDL_mouse.h
-- Installing: /home/runner/work/MonsterWar/MonsterWar/prebuilt/linux/include/SDL3/SDL_mutex.h
-- Installing: /home/runner/work/MonsterWar/MonsterWar/prebuilt/linux/include/SDL3/SDL_oldnames.h
-- Installing: /home/runner/work/MonsterWar/MonsterWar/prebuilt/linux/include/SDL3/SDL_opengl.h
-- Installing: /home/runner/work/MonsterWar/MonsterWar/prebuilt/linux/include/SDL3/SDL_opengl_glext.h
-- Installing: /home/runner/work/MonsterWar/MonsterWar/prebuilt/linux/include/SDL3/SDL_opengles.h
-- Installing: /home/runner/work/MonsterWar/MonsterWar/prebuilt/linux/include/SDL3/SDL_opengles2.h
-- Installing: /home/runner/work/MonsterWar/MonsterWar/prebuilt/linux/include/SDL3/SDL_opengles2_gl2.h
-- Installing: /home/runner/work/MonsterWar/MonsterWar/prebuilt/linux/include/SDL3/SDL_opengles2_gl2ext.h
-- Installing: /home/runner/work/MonsterWar/MonsterWar/prebuilt/linux/include/SDL3/SDL_opengles2_gl2platform.h
-- Installing: /home/runner/work/MonsterWar/MonsterWar/prebuilt/linux/include/SDL3/SDL_opengles2_khrplatform.h
-- Installing: /home/runner/work/MonsterWar/MonsterWar/prebuilt/linux/include/SDL3/SDL_pen.h
-- Installing: /home/runner/work/MonsterWar/MonsterWar/prebuilt/linux/include/SDL3/SDL_pixels.h
-- Installing: /home/runner/work/MonsterWar/MonsterWar/prebuilt/linux/include/SDL3/SDL_platform.h
-- Installing: /home/runner/work/MonsterWar/MonsterWar/prebuilt/linux/include/SDL3/SDL_platform_defines.h
-- Installing: /home/runner/work/MonsterWar/MonsterWar/prebuilt/linux/include/SDL3/SDL_power.h
-- Installing: /home/runner/work/MonsterWar/MonsterWar/prebuilt/linux/include/SDL3/SDL_process.h
-- Installing: /home/runner/work/MonsterWar/MonsterWar/prebuilt/linux/include/SDL3/SDL_properties.h
-- Installing: /home/runner/work/MonsterWar/MonsterWar/prebuilt/linux/include/SDL3/SDL_rect.h
-- Installing: /home/runner/work/MonsterWar/MonsterWar/prebuilt/linux/include/SDL3/SDL_render.h
-- Installing: /home/runner/work/MonsterWar/MonsterWar/prebuilt/linux/include/SDL3/SDL_scancode.h
-- Installing: /home/runner/work/MonsterWar/MonsterWar/prebuilt/linux/include/SDL3/SDL_sensor.h
-- Installing: /home/runner/work/MonsterWar/MonsterWar/prebuilt/linux/include/SDL3/SDL_stdinc.h
-- Installing: /home/runner/work/MonsterWar/MonsterWar/prebuilt/linux/include/SDL3/SDL_storage.h
-- Installing: /home/runner/work/MonsterWar/MonsterWar/prebuilt/linux/include/SDL3/SDL_surface.h
-- Installing: /home/runner/work/MonsterWar/MonsterWar/prebuilt/linux/include/SDL3/SDL_system.h
-- Installing: /home/runner/work/MonsterWar/MonsterWar/prebuilt/linux/include/SDL3/SDL_thread.h
-- Installing: /home/runner/work/MonsterWar/MonsterWar/prebuilt/linux/include/SDL3/SDL_time.h
-- Installing: /home/runner/work/MonsterWar/MonsterWar/prebuilt/linux/include/SDL3/SDL_timer.h
-- Installing: /home/runner/work/MonsterWar/MonsterWar/prebuilt/linux/include/SDL3/SDL_touch.h
-- Installing: /home/runner/work/MonsterWar/MonsterWar/prebuilt/linux/include/SDL3/SDL_tray.h
-- Installing: /home/runner/work/MonsterWar/MonsterWar/prebuilt/linux/include/SDL3/SDL_version.h
-- Installing: /home/runner/work/MonsterWar/MonsterWar/prebuilt/linux/include/SDL3/SDL_video.h
-- Installing: /home/runner/work/MonsterWar/MonsterWar/prebuilt/linux/include/SDL3/SDL_vulkan.h
-- Installing: /home/runner/work/MonsterWar/MonsterWar/prebuilt/linux/include/SDL3/SDL_revision.h
-- Installing: /home/runner/work/MonsterWar/MonsterWar/prebuilt/linux/share/licenses/SDL3/LICENSE.txt
Cloning into '/home/runner/work/MonsterWar/MonsterWar/build-linux-prebuilt/src/SDL_image'...
Note: switching to '11154afb7855293159588b245b446a4ef09e574f'.

You are in 'detached HEAD' state. You can look around, make experimental
changes and commit them, and you can discard any commits you make in this
state without impacting any branches by switching back to a branch.

If you want to create a new branch to retain commits you create, you may
do so (now or later) by using -c with the switch command. Example:

  git switch -c <new-branch-name>

Or undo this operation with:

  git switch -

Turn off this advice by setting config variable advice.detachedHead to false

Submodule 'external/aom' (https://github.com/libsdl-org/aom.git) registered for path 'external/aom'
Submodule 'external/dav1d' (https://github.com/libsdl-org/dav1d.git) registered for path 'external/dav1d'
Submodule 'external/jpeg' (https://github.com/libsdl-org/jpeg.git) registered for path 'external/jpeg'
Submodule 'external/libavif' (https://github.com/libsdl-org/libavif.git) registered for path 'external/libavif'
Submodule 'external/libjxl' (https://github.com/libsdl-org/libjxl.git) registered for path 'external/libjxl'
Submodule 'external/libpng' (https://github.com/libsdl-org/libpng.git) registered for path 'external/libpng'
Submodule 'external/libtiff' (https://github.com/libsdl-org/libtiff.git) registered for path 'external/libtiff'
Submodule 'external/libwebp' (https://github.com/libsdl-org/libwebp.git) registered for path 'external/libwebp'
Submodule 'external/zlib' (https://github.com/libsdl-org/zlib.git) registered for path 'external/zlib'
Cloning into '/home/runner/work/MonsterWar/MonsterWar/build-linux-prebuilt/src/SDL_image/external/aom'...
Cloning into '/home/runner/work/MonsterWar/MonsterWar/build-linux-prebuilt/src/SDL_image/external/dav1d'...
Cloning into '/home/runner/work/MonsterWar/MonsterWar/build-linux-prebuilt/src/SDL_image/external/jpeg'...
Cloning into '/home/runner/work/MonsterWar/MonsterWar/build-linux-prebuilt/src/SDL_image/external/libavif'...
Cloning into '/home/runner/work/MonsterWar/MonsterWar/build-linux-prebuilt/src/SDL_image/external/libjxl'...
Cloning into '/home/runner/work/MonsterWar/MonsterWar/build-linux-prebuilt/src/SDL_image/external/libpng'...
Cloning into '/home/runner/work/MonsterWar/MonsterWar/build-linux-prebuilt/src/SDL_image/external/libtiff'...
Cloning into '/home/runner/work/MonsterWar/MonsterWar/build-linux-prebuilt/src/SDL_image/external/libwebp'...
Cloning into '/home/runner/work/MonsterWar/MonsterWar/build-linux-prebuilt/src/SDL_image/external/zlib'...
From https://github.com/libsdl-org/aom
 * branch                01d1b1469555c0163a10e9cb192aabb5a218a4a9 -> FETCH_HEAD
Submodule path 'external/aom': checked out '01d1b1469555c0163a10e9cb192aabb5a218a4a9'
From https://github.com/libsdl-org/dav1d
 * branch              aabfea0c42f9df86268fe1c578e8c9b50d28fcc9 -> FETCH_HEAD
Submodule path 'external/dav1d': checked out 'aabfea0c42f9df86268fe1c578e8c9b50d28fcc9'
From https://github.com/libsdl-org/jpeg
 * branch            a2b96a055f06083bbfe06a75a87f91385bae9606 -> FETCH_HEAD
Submodule path 'external/jpeg': checked out 'a2b96a055f06083bbfe06a75a87f91385bae9606'
From https://github.com/libsdl-org/libavif
 * branch              5bcd7d031e058b171364916a4dbef5fc5d6a28e2 -> FETCH_HEAD
Submodule path 'external/libavif': checked out '5bcd7d031e058b171364916a4dbef5fc5d6a28e2'
From https://github.com/libsdl-org/libjxl
 * branch              1b0c5ad1bbdff2d590a1a21df9675b116c42aa26 -> FETCH_HEAD
Submodule path 'external/libjxl': checked out '1b0c5ad1bbdff2d590a1a21df9675b116c42aa26'
Submodule 'third_party/testdata' (https://github.com/libjxl/testdata) registered for path 'external/libjxl/testdata'
Submodule 'third_party/brotli' (https://github.com/libsdl-org/brotli.git) registered for path 'external/libjxl/third_party/brotli'
Submodule 'third_party/googletest' (https://github.com/google/googletest) registered for path 'external/libjxl/third_party/googletest'
Submodule 'third_party/highway' (https://github.com/libsdl-org/highway.git) registered for path 'external/libjxl/third_party/highway'
Submodule 'third_party/lcms' (https://github.com/mm2/Little-CMS) registered for path 'external/libjxl/third_party/lcms'
Submodule 'third_party/libpng' (https://github.com/glennrp/libpng.git) registered for path 'external/libjxl/third_party/libpng'
Submodule 'third_party/sjpeg' (https://github.com/webmproject/sjpeg.git) registered for path 'external/libjxl/third_party/sjpeg'
Submodule 'third_party/skcms' (https://skia.googlesource.com/skcms) registered for path 'external/libjxl/third_party/skcms'
Submodule 'third_party/zlib' (https://github.com/madler/zlib.git) registered for path 'external/libjxl/third_party/zlib'
Cloning into '/home/runner/work/MonsterWar/MonsterWar/build-linux-prebuilt/src/SDL_image/external/libjxl/testdata'...
Cloning into '/home/runner/work/MonsterWar/MonsterWar/build-linux-prebuilt/src/SDL_image/external/libjxl/third_party/brotli'...
Cloning into '/home/runner/work/MonsterWar/MonsterWar/build-linux-prebuilt/src/SDL_image/external/libjxl/third_party/googletest'...
Cloning into '/home/runner/work/MonsterWar/MonsterWar/build-linux-prebuilt/src/SDL_image/external/libjxl/third_party/highway'...
Cloning into '/home/runner/work/MonsterWar/MonsterWar/build-linux-prebuilt/src/SDL_image/external/libjxl/third_party/lcms'...
Cloning into '/home/runner/work/MonsterWar/MonsterWar/build-linux-prebuilt/src/SDL_image/external/libjxl/third_party/libpng'...
Cloning into '/home/runner/work/MonsterWar/MonsterWar/build-linux-prebuilt/src/SDL_image/external/libjxl/third_party/sjpeg'...
Cloning into '/home/runner/work/MonsterWar/MonsterWar/build-linux-prebuilt/src/SDL_image/external/libjxl/third_party/skcms'...
Cloning into '/home/runner/work/MonsterWar/MonsterWar/build-linux-prebuilt/src/SDL_image/external/libjxl/third_party/zlib'...
Submodule path 'external/libjxl/testdata': checked out 'd81acaca8e037d9514f3211045c77e7467bcb814'
Submodule path 'external/libjxl/third_party/brotli': checked out 'ed738e842d2fbdf2d6459e39267a633c4a9b2f5d'
Submodule path 'external/libjxl/third_party/googletest': checked out '0ea2d8f8fa1601abb9ce713b7414e7b86f90bc61'
From https://github.com/libsdl-org/highway
 * branch              1c91145857c40f172fb80a4c8c85aaaf0cb5d15f -> FETCH_HEAD
Submodule path 'external/libjxl/third_party/highway': checked out '1c91145857c40f172fb80a4c8c85aaaf0cb5d15f'
Submodule path 'external/libjxl/third_party/lcms': checked out '65c63bf549d78253c14b30b3d62cb668bbbe612c'
Submodule path 'external/libjxl/third_party/libpng': checked out 'a40189cf881e9f0db80511c382292a5604c3c3d1'
Submodule path 'external/libjxl/third_party/sjpeg': checked out '868ab558fad70fcbe8863ba4e85179eeb81cc840'
Submodule path 'external/libjxl/third_party/skcms': checked out '64374756e03700d649f897dbd98c95e78c30c7da'
Submodule path 'external/libjxl/third_party/zlib': checked out 'cacf7f1d4e3d44d871b605da3b647f07d718623f'
From https://github.com/libsdl-org/libpng
 * branch                d5f3b730390cbbf9f1086a4aa97b7d44e42919ae -> FETCH_HEAD
Submodule path 'external/libpng': checked out 'd5f3b730390cbbf9f1086a4aa97b7d44e42919ae'
From https://github.com/libsdl-org/libtiff
 * branch              f0b67bbb55584c7c48dd2e0a20823c3c3ed0dc75 -> FETCH_HEAD
Submodule path 'external/libtiff': checked out 'f0b67bbb55584c7c48dd2e0a20823c3c3ed0dc75'
From https://github.com/libsdl-org/libwebp
 * branch              fa992316e4517b25a4e667a3668b930170becd56 -> FETCH_HEAD
Submodule path 'external/libwebp': checked out 'fa992316e4517b25a4e667a3668b930170becd56'
From https://github.com/libsdl-org/zlib
 * branch            c4ea85eda90be5d47bb832108a520b4e82fe19c4 -> FETCH_HEAD
Submodule path 'external/zlib': checked out 'c4ea85eda90be5d47bb832108a520b4e82fe19c4'
Cloning into '/home/runner/work/MonsterWar/MonsterWar/build-linux-prebuilt/src/SDL_mixer'...
Note: switching to 'cedfeef30e93db35eee6b25759117da63f8e5a4f'.

You are in 'detached HEAD' state. You can look around, make experimental
changes and commit them, and you can discard any commits you make in this
state without impacting any branches by switching back to a branch.

If you want to create a new branch to retain commits you create, you may
do so (now or later) by using -c with the switch command. Example:

  git switch -c <new-branch-name>

Or undo this operation with:

  git switch -

Turn off this advice by setting config variable advice.detachedHead to false

Submodule 'external/flac' (https://github.com/libsdl-org/flac.git) registered for path 'external/flac'
Submodule 'external/libgme' (https://github.com/libsdl-org/game-music-emu.git) registered for path 'external/libgme'
Submodule 'external/libxmp' (https://github.com/libsdl-org/libxmp.git) registered for path 'external/libxmp'
Submodule 'external/mpg123' (https://github.com/libsdl-org/mpg123.git) registered for path 'external/mpg123'
Submodule 'external/ogg' (https://github.com/libsdl-org/ogg.git) registered for path 'external/ogg'
Submodule 'external/opus' (https://github.com/libsdl-org/opus.git) registered for path 'external/opus'
Submodule 'external/opusfile' (https://github.com/libsdl-org/opusfile.git) registered for path 'external/opusfile'
Submodule 'external/tremor' (https://github.com/libsdl-org/tremor.git) registered for path 'external/tremor'
Submodule 'external/vorbis' (https://github.com/libsdl-org/vorbis.git) registered for path 'external/vorbis'
Submodule 'external/wavpack' (https://github.com/libsdl-org/wavpack.git) registered for path 'external/wavpack'
Cloning into '/home/runner/work/MonsterWar/MonsterWar/build-linux-prebuilt/src/SDL_mixer/external/flac'...
Cloning into '/home/runner/work/MonsterWar/MonsterWar/build-linux-prebuilt/src/SDL_mixer/external/libgme'...
Cloning into '/home/runner/work/MonsterWar/MonsterWar/build-linux-prebuilt/src/SDL_mixer/external/libxmp'...
Cloning into '/home/runner/work/MonsterWar/MonsterWar/build-linux-prebuilt/src/SDL_mixer/external/mpg123'...
Cloning into '/home/runner/work/MonsterWar/MonsterWar/build-linux-prebuilt/src/SDL_mixer/external/ogg'...
Cloning into '/home/runner/work/MonsterWar/MonsterWar/build-linux-prebuilt/src/SDL_mixer/external/opus'...
Cloning into '/home/runner/work/MonsterWar/MonsterWar/build-linux-prebuilt/src/SDL_mixer/external/opusfile'...
Cloning into '/home/runner/work/MonsterWar/MonsterWar/build-linux-prebuilt/src/SDL_mixer/external/tremor'...
Cloning into '/home/runner/work/MonsterWar/MonsterWar/build-linux-prebuilt/src/SDL_mixer/external/vorbis'...
Cloning into '/home/runner/work/MonsterWar/MonsterWar/build-linux-prebuilt/src/SDL_mixer/external/wavpack'...
From https://github.com/libsdl-org/flac
 * branch              833a260a7bc29f80899d33e8c1beb2fc56b4905b -> FETCH_HEAD
Submodule path 'external/flac': checked out '833a260a7bc29f80899d33e8c1beb2fc56b4905b'
From https://github.com/libsdl-org/game-music-emu
 * branch            8ebb4f65096fdf980b39be2283699d523ddc09af -> FETCH_HEAD
Submodule path 'external/libgme': checked out '8ebb4f65096fdf980b39be2283699d523ddc09af'
From https://github.com/libsdl-org/libxmp
 * branch              75e85f8a5be65f9f95fb946086bee17da158166f -> FETCH_HEAD
Submodule path 'external/libxmp': checked out '75e85f8a5be65f9f95fb946086bee17da158166f'
From https://github.com/libsdl-org/mpg123
 * branch            e38e9027a3c1c254c2857c733017859c6da0ba77 -> FETCH_HEAD
Submodule path 'external/mpg123': checked out 'e38e9027a3c1c254c2857c733017859c6da0ba77'
From https://github.com/libsdl-org/ogg
 * branch            936fdd822a4e4fc963197b3eda931b89b52859a0 -> FETCH_HEAD
Submodule path 'external/ogg': checked out '936fdd822a4e4fc963197b3eda931b89b52859a0'
From https://github.com/libsdl-org/opus
 * branch              ac9f053e1db9cc1c7608b74e029c25ded0254e3e -> FETCH_HEAD
Submodule path 'external/opus': checked out 'ac9f053e1db9cc1c7608b74e029c25ded0254e3e'
From https://github.com/libsdl-org/opusfile
 * branch            840684e76b69ef2221b28402e7c21f4c586e6ae4 -> FETCH_HEAD
Submodule path 'external/opusfile': checked out '840684e76b69ef2221b28402e7c21f4c586e6ae4'
From https://github.com/libsdl-org/tremor
 * branch            7afc84841ffa2e9610b65950fd233e6c428699c7 -> FETCH_HEAD
Submodule path 'external/tremor': checked out '7afc84841ffa2e9610b65950fd233e6c428699c7'
From https://github.com/libsdl-org/vorbis
 * branch            a1938f4f0490402eb2a0fc50ef984b2f1fb6e786 -> FETCH_HEAD
Submodule path 'external/vorbis': checked out 'a1938f4f0490402eb2a0fc50ef984b2f1fb6e786'
From https://github.com/libsdl-org/wavpack
 * branch            c88aaf8fb902c547a11053273df289d4b892335f -> FETCH_HEAD
Submodule path 'external/wavpack': checked out 'c88aaf8fb902c547a11053273df289d4b892335f'
Cloning into '/home/runner/work/MonsterWar/MonsterWar/build-linux-prebuilt/src/SDL_ttf'...
Note: switching to 'a1ce3670aec736ecbf0936c43f2f0cc53aa61e5b'.

You are in 'detached HEAD' state. You can look around, make experimental
changes and commit them, and you can discard any commits you make in this
state without impacting any branches by switching back to a branch.

If you want to create a new branch to retain commits you create, you may
do so (now or later) by using -c with the switch command. Example:

  git switch -c <new-branch-name>

Or undo this operation with:

  git switch -

Turn off this advice by setting config variable advice.detachedHead to false

Submodule 'external/freetype' (https://github.com/libsdl-org/freetype.git) registered for path 'external/freetype'
Submodule 'external/harfbuzz' (https://github.com/libsdl-org/harfbuzz.git) registered for path 'external/harfbuzz'
Submodule 'external/plutosvg' (https://github.com/libsdl-org/plutosvg.git) registered for path 'external/plutosvg'
Submodule 'external/plutovg' (https://github.com/libsdl-org/plutovg.git) registered for path 'external/plutovg'
Cloning into '/home/runner/work/MonsterWar/MonsterWar/build-linux-prebuilt/src/SDL_ttf/external/freetype'...
Cloning into '/home/runner/work/MonsterWar/MonsterWar/build-linux-prebuilt/src/SDL_ttf/external/harfbuzz'...
Cloning into '/home/runner/work/MonsterWar/MonsterWar/build-linux-prebuilt/src/SDL_ttf/external/plutosvg'...
Cloning into '/home/runner/work/MonsterWar/MonsterWar/build-linux-prebuilt/src/SDL_ttf/external/plutovg'...
From https://github.com/libsdl-org/freetype
 * branch                9973564cfa63763a3e4ac67c09147899539b1e07 -> FETCH_HEAD
Submodule path 'external/freetype': checked out '9973564cfa63763a3e4ac67c09147899539b1e07'
Submodule 'dlg' (https://github.com/nyorain/dlg.git) registered for path 'external/freetype/subprojects/dlg'
Cloning into '/home/runner/work/MonsterWar/MonsterWar/build-linux-prebuilt/src/SDL_ttf/external/freetype/subprojects/dlg'...
Submodule path 'external/freetype/subprojects/dlg': checked out '72dfcc858c040c54a6a0b88fcb7e70ee186d3167'
From https://github.com/libsdl-org/harfbuzz
 * branch                564bf9818a18709776856533829c0c04950773d6 -> FETCH_HEAD
Submodule path 'external/harfbuzz': checked out '564bf9818a18709776856533829c0c04950773d6'
From https://github.com/libsdl-org/plutosvg
 * branch            2983eb6919feea272d793bc386384e3f5b97b03c -> FETCH_HEAD
Submodule path 'external/plutosvg': checked out '2983eb6919feea272d793bc386384e3f5b97b03c'
Submodule 'plutovg' (https://github.com/sammycage/plutovg.git) registered for path 'external/plutosvg/plutovg'
Cloning into '/home/runner/work/MonsterWar/MonsterWar/build-linux-prebuilt/src/SDL_ttf/external/plutosvg/plutovg'...
Submodule path 'external/plutosvg/plutovg': checked out '3e6f922f453da1c9e7d1d7f66cac1d9724a18b47'
Submodule path 'external/plutovg': checked out '3e6f922f453da1c9e7d1d7f66cac1d9724a18b47'
-- The C compiler identification is GNU 13.3.0
-- Detecting C compiler ABI info
-- Detecting C compiler ABI info - done
-- Check for working C compiler: /usr/bin/cc - skipped
-- Detecting C compile features
-- Detecting C compile features - done
-- Configuring SDL3_image 3.2.4
-- Detecting Target CPU Architecture
-- Detecting Target CPU Architecture - X64
-- Performing Test LINKER_SUPPORTS_VERSION_SCRIPT
-- Performing Test LINKER_SUPPORTS_VERSION_SCRIPT - Success
-- Performing Test HAVE_WL_NO_UNDEFINED
-- Performing Test HAVE_WL_NO_UNDEFINED - Success
-- SDL3_image: Using vendored libtiff
CMake Deprecation Warning at external/libtiff/CMakeLists.txt:27 (cmake_minimum_required):
  Compatibility with CMake < 3.10 will be removed from a future version of
  CMake.

  Update the VERSION argument <min> value.  Or, use the <min>...<max> syntax
  to tell CMake that the project requires at least <min> but has been updated
  to work with policies introduced by <max> or earlier.


CMake Deprecation Warning at external/libtiff/CMakeLists.txt:30 (cmake_policy):
  Compatibility with CMake < 3.10 will be removed from a future version of
  CMake.

  Update the VERSION argument <min> value.  Or, use the <min>...<max> syntax
  to tell CMake that the project requires at least <min> but has been updated
  to work with policies introduced by <max> or earlier.


-- Building tiff version 4.6.0
-- The CXX compiler identification is GNU 13.3.0
-- Detecting CXX compiler ABI info
-- Detecting CXX compiler ABI info - done
-- Check for working CXX compiler: /usr/bin/c++ - skipped
-- Detecting CXX compile features
-- Detecting CXX compile features - done
-- Performing Test C_FLAG_Wall
-- Performing Test C_FLAG_Wall - Success
-- Performing Test C_FLAG_Winline
-- Performing Test C_FLAG_Winline - Success
-- Performing Test C_FLAG_Wformat_security
-- Performing Test C_FLAG_Wformat_security - Success
-- Performing Test C_FLAG_Wpointer_arith
-- Performing Test C_FLAG_Wpointer_arith - Success
-- Performing Test C_FLAG_Wdisabled_optimization
-- Performing Test C_FLAG_Wdisabled_optimization - Success
-- Performing Test C_FLAG_Wno_unknown_pragmas
-- Performing Test C_FLAG_Wno_unknown_pragmas - Success
-- Performing Test C_FLAG_fstrict_aliasing
-- Performing Test C_FLAG_fstrict_aliasing - Success
-- Performing Test HAVE_LD_VERSION_SCRIPT
-- Performing Test HAVE_LD_VERSION_SCRIPT - Success
-- Looking for assert.h
-- Looking for assert.h - found
-- Looking for fcntl.h
-- Looking for fcntl.h - found
-- Looking for io.h
-- Looking for io.h - not found
-- Looking for strings.h
-- Looking for strings.h - found
-- Looking for sys/time.h
-- Looking for sys/time.h - found
-- Looking for sys/types.h
-- Looking for sys/types.h - found
-- Looking for unistd.h
-- Looking for unistd.h - found
-- Looking for getopt
-- Looking for getopt - found
-- Looking for optarg
-- Looking for optarg - found
-- Looking for mmap
-- Looking for mmap - found
-- Looking for setmode
-- Looking for setmode - not found
-- Looking for stdint.h
-- Looking for stdint.h - found
-- Looking for stddef.h
-- Looking for stddef.h - found
-- Check size of size_t
-- Check size of size_t - done
-- Found ZLIB: /usr/lib/x86_64-linux-gnu/libz.so (found version "1.3")
-- Could NOT find Deflate (missing: Deflate_LIBRARY Deflate_INCLUDE_DIR) 
-- Could NOT find JPEG (missing: JPEG_LIBRARY JPEG_INCLUDE_DIR) 
-- Could NOT find JBIG (missing: JBIG_LIBRARY JBIG_INCLUDE_DIR) 
-- Could NOT find LERC (missing: LERC_LIBRARY LERC_INCLUDE_DIR) 
-- Could NOT find liblzma (missing: LIBLZMA_LIBRARY LIBLZMA_INCLUDE_DIR LIBLZMA_HAS_AUTO_DECODER LIBLZMA_HAS_EASY_ENCODER LIBLZMA_HAS_LZMA_PRESET) 
-- Found ZSTD: /usr/lib/x86_64-linux-gnu/libzstd.so (found version "1.5.5")
-- Looking for ZSTD_decompressStream
-- Looking for ZSTD_decompressStream - found
-- Could NOT find WebP (missing: WebP_LIBRARY WebP_INCLUDE_DIR) 
-- Looking for pow
-- Looking for pow - not found
-- Looking for pow
-- Looking for pow - found
-- Found CMath: TRUE
-- 
-- Libtiff is now configured for Linux-6.17.0-1022-azure
-- 
--   Libtiff build version:       4.6.0
--   Libtiff library version:     6.0.2
--   Libtiff release date:        20230908
-- 
--   Installation directory:             /home/runner/work/MonsterWar/MonsterWar/prebuilt/linux
--   Documentation directory:            share/doc/SDL3_image
--   C compiler:                         /usr/bin/cc
--   C++ compiler:                       /usr/bin/c++
--   Build shared libraries:             ON
--   Build tools:                        OFF
--   Build tools-unsupported:            OFF
--   Build tests:                        OFF
--   Build contrib:                      OFF
--   Build docs:                         OFF
--   Build deprecated features:          OFF
--   Enable linker symbol versioning:    TRUE
--   Support Microsoft Document Imaging: ON
--   Use win32 IO:                       OFF
-- 
--  Support for internal codecs:
--   CCITT Group 3 & 4 algorithms:       ON
--   Macintosh PackBits algorithm:       ON
--   LZW algorithm:                      ON
--   ThunderScan 4-bit RLE algorithm:    ON
--   NeXT 2-bit RLE algorithm:           ON
--   LogLuv high dynamic range encoding: ON
-- 
--  Support for external codecs:
--   ZLIB support:                       Requested:OFF Availability:TRUE Support:FALSE
--   libdeflate support:                 Requested:OFF Availability:FALSE Support:FALSE (Depends on ZLIB Support)
--   Pixar log-format algorithm:         Requested:OFF Availability:TRUE Support:FALSE (Depends on ZLIB Support)
--   JPEG support:                       Requested:OFF Availability:FALSE Support:FALSE
--   Old JPEG support:                   Requested:OFF Availability:FALSE Support:FALSE (Depends on JPEG Support)
--   JPEG 8/12 bit dual mode:            Requested:OFF Availability:FALSE Support:FALSE
--   ISO JBIG support:                   Requested:OFF Availability:FALSE Support:FALSE
--   LERC support:                       Requested:OFF Availability:FALSE Support:FALSE (Depends on ZLIB Support)
--   LZMA2 support:                      Requested:OFF Availability:FALSE Support:FALSE
--   ZSTD support:                       Requested:OFF Availability:TRUE Support:FALSE
--   WEBP support:                       Requested:OFF Availability:FALSE Support:FALSE
-- 
--   C++ support:                        ON (requested) TRUE (availability)
-- 
-- Dynamic libtiff: $<TARGET_SONAME_FILE_NAME:tiff>
-- SDL3_image: Using vendored libwebp
CMake Deprecation Warning at external/libwebp/CMakeLists.txt:12 (cmake_minimum_required):
  Compatibility with CMake < 3.10 will be removed from a future version of
  CMake.

  Update the VERSION argument <min> value.  Or, use the <min>...<max> syntax
  to tell CMake that the project requires at least <min> but has been updated
  to work with policies introduced by <max> or earlier.


-- Performing Test HAVE_BUILTIN_BSWAP16
-- Performing Test HAVE_BUILTIN_BSWAP16 - Success
-- Performing Test HAVE_BUILTIN_BSWAP32
-- Performing Test HAVE_BUILTIN_BSWAP32 - Success
-- Performing Test HAVE_BUILTIN_BSWAP64
-- Performing Test HAVE_BUILTIN_BSWAP64 - Success
-- Performing Test CMAKE_HAVE_LIBC_PTHREAD
-- Performing Test CMAKE_HAVE_LIBC_PTHREAD - Success
-- Found Threads: TRUE
-- Found OpenGL: /usr/lib/x86_64-linux-gnu/libOpenGL.so
-- Performing Test HAVE_MATH_LIBRARY
-- Performing Test HAVE_MATH_LIBRARY - Failed
-- Adding -lm flag.
-- Could NOT find PNG (missing: PNG_LIBRARY PNG_PNG_INCLUDE_DIR) 
-- Could NOT find JPEG (missing: JPEG_LIBRARY JPEG_INCLUDE_DIR) 
-- Could NOT find TIFF (missing: TIFF_LIBRARY TIFF_INCLUDE_DIR) 
-- Could NOT find GIF (missing: GIF_LIBRARY GIF_INCLUDE_DIR) 
-- Looking for include file GLUT/glut.h
-- Looking for include file GLUT/glut.h - not found
-- Looking for include file GL/glut.h
-- Looking for include file GL/glut.h - not found
-- Looking for include file OpenGL/glut.h
-- Looking for include file OpenGL/glut.h - not found
-- Looking for include file shlwapi.h
-- Looking for include file shlwapi.h - not found
-- Looking for include file wincodec.h
-- Looking for include file wincodec.h - not found
-- Looking for include file windows.h
-- Looking for include file windows.h - not found
-- Performing Test WEBP_HAVE_FLAG_SSE41
-- Performing Test WEBP_HAVE_FLAG_SSE41 - Failed
-- Performing Test WEBP_HAVE_FLAG_SSE41
-- Performing Test WEBP_HAVE_FLAG_SSE41 - Success
-- Performing Test WEBP_HAVE_FLAG_SSE2
-- Performing Test WEBP_HAVE_FLAG_SSE2 - Success
-- Performing Test WEBP_HAVE_FLAG_MIPS32
-- Performing Test WEBP_HAVE_FLAG_MIPS32 - Failed
-- Performing Test WEBP_HAVE_FLAG_MIPS32
-- Performing Test WEBP_HAVE_FLAG_MIPS32 - Failed
-- Performing Test WEBP_HAVE_FLAG_MIPS_DSP_R2
-- Performing Test WEBP_HAVE_FLAG_MIPS_DSP_R2 - Failed
-- Performing Test WEBP_HAVE_FLAG_MIPS_DSP_R2
-- Performing Test WEBP_HAVE_FLAG_MIPS_DSP_R2 - Failed
-- Performing Test HAS_COMPILE_FLAG
-- Performing Test HAS_COMPILE_FLAG - Failed
-- Performing Test WEBP_HAVE_FLAG_NEON
-- Performing Test WEBP_HAVE_FLAG_NEON - Failed
-- Performing Test WEBP_HAVE_FLAG_NEON
-- Performing Test WEBP_HAVE_FLAG_NEON - Failed
-- Performing Test WEBP_HAVE_FLAG_MSA
-- Performing Test WEBP_HAVE_FLAG_MSA - Failed
-- Performing Test WEBP_HAVE_FLAG_MSA
-- Performing Test WEBP_HAVE_FLAG_MSA - Failed
-- Performing Test HAS_COMPILE_FLAG
-- Performing Test HAS_COMPILE_FLAG - Failed
-- Could NOT find GLUT (missing: GLUT_glut_LIBRARY GLUT_INCLUDE_DIR) 
-- Could NOT find SDL (missing: SDL_LIBRARY SDL_INCLUDE_DIR) 
-- Dynamic libwebpdemux: $<TARGET_SONAME_FILE_NAME:webpdemux>
-- Dynamic libwebp: $<TARGET_SONAME_FILE_NAME:webp>
-- SDL3_image backends:
-- - enabled:  stb bmp gif jpg lbm pcx png pnm qoi svg tga tif webp xcf xpm xv
-- - disabled: imageio wic avif jxl
-- Configuring done (3.4s)
-- Generating done (0.1s)
CMake Warning:
  Manually-specified variables were not used by the project:

    SDLIMAGE_EXAMPLES


-- Build files have been written to: /home/runner/work/MonsterWar/MonsterWar/build-linux-prebuilt/obj/sdl_image
[1/194] Building C object external/libwebp/CMakeFiles/sharpyuv.dir/sharpyuv/sharpyuv_neon.c.o
[2/194] Building C object external/libwebp/CMakeFiles/sharpyuv.dir/sharpyuv/sharpyuv_cpu.c.o
[3/194] Building C object external/libwebp/CMakeFiles/sharpyuv.dir/sharpyuv/sharpyuv_csp.c.o
[4/194] Building C object external/libwebp/CMakeFiles/sharpyuv.dir/sharpyuv/sharpyuv_dsp.c.o
[5/194] Building C object external/libwebp/CMakeFiles/sharpyuv.dir/sharpyuv/sharpyuv_sse2.c.o
[6/194] Building C object external/libwebp/CMakeFiles/sharpyuv.dir/sharpyuv/sharpyuv_gamma.c.o
[7/194] Building C object external/libwebp/CMakeFiles/webpdecode.dir/src/dec/alpha_dec.c.o
[8/194] Building C object external/libwebp/CMakeFiles/webpdecode.dir/src/dec/buffer_dec.c.o
[9/194] Building C object external/libwebp/CMakeFiles/sharpyuv.dir/sharpyuv/sharpyuv.c.o
[10/194] Building C object external/libwebp/CMakeFiles/webpdecode.dir/src/dec/frame_dec.c.o
[11/194] Linking C static library external/libwebp/libsharpyuv.a
[12/194] Building C object external/libwebp/CMakeFiles/webpdecode.dir/src/dec/idec_dec.c.o
[13/194] Building C object external/libwebp/CMakeFiles/webpdecode.dir/src/dec/quant_dec.c.o
[14/194] Building C object external/libwebp/CMakeFiles/webpdecode.dir/src/dec/io_dec.c.o
[15/194] Building C object external/libwebp/CMakeFiles/webpdecode.dir/src/dec/tree_dec.c.o
[16/194] Building C object external/libwebp/CMakeFiles/webpdecode.dir/src/dec/vp8_dec.c.o
[17/194] Building C object external/libwebp/CMakeFiles/webpdecode.dir/src/dec/webp_dec.c.o
[18/194] Building C object external/libwebp/CMakeFiles/webpencode.dir/src/enc/alpha_enc.c.o
[19/194] Building C object external/libwebp/CMakeFiles/webpdecode.dir/src/dec/vp8l_dec.c.o
[20/194] Building C object external/libwebp/CMakeFiles/webpencode.dir/src/enc/analysis_enc.c.o
[21/194] Building C object external/libwebp/CMakeFiles/webpencode.dir/src/enc/backward_references_cost_enc.c.o
[22/194] Building C object external/libwebp/CMakeFiles/webpencode.dir/src/enc/config_enc.c.o
[23/194] Building C object external/libwebp/CMakeFiles/webpencode.dir/src/enc/cost_enc.c.o
[24/194] Building C object external/libwebp/CMakeFiles/webpencode.dir/src/enc/filter_enc.c.o
[25/194] Building C object external/libwebp/CMakeFiles/webpencode.dir/src/enc/backward_references_enc.c.o
[26/194] Building C object external/libwebp/CMakeFiles/webpencode.dir/src/enc/frame_enc.c.o
[27/194] Building C object external/libwebp/CMakeFiles/webpencode.dir/src/enc/histogram_enc.c.o
[28/194] Building C object external/libwebp/CMakeFiles/webpencode.dir/src/enc/near_lossless_enc.c.o
[29/194] Building C object external/libwebp/CMakeFiles/webpencode.dir/src/enc/iterator_enc.c.o
[30/194] Building C object external/libwebp/CMakeFiles/webpencode.dir/src/enc/picture_enc.c.o
[31/194] Building C object external/libwebp/CMakeFiles/webpencode.dir/src/enc/picture_psnr_enc.c.o
[32/194] Building C object external/libwebp/CMakeFiles/webpencode.dir/src/enc/picture_rescale_enc.c.o
[33/194] Building C object external/libwebp/CMakeFiles/webpencode.dir/src/enc/picture_csp_enc.c.o
[34/194] Building C object external/libwebp/CMakeFiles/webpencode.dir/src/enc/picture_tools_enc.c.o
[35/194] Building C object external/libwebp/CMakeFiles/webpencode.dir/src/enc/predictor_enc.c.o
[36/194] Building C object external/libwebp/CMakeFiles/webpencode.dir/src/enc/syntax_enc.c.o
[37/194] Building C object external/libwebp/CMakeFiles/webpencode.dir/src/enc/token_enc.c.o
[38/194] Building C object external/libwebp/CMakeFiles/webpencode.dir/src/enc/tree_enc.c.o
[39/194] Building C object external/libwebp/CMakeFiles/webpencode.dir/src/enc/quant_enc.c.o
[40/194] Building C object external/libwebp/CMakeFiles/webpencode.dir/src/enc/webp_enc.c.o
[41/194] Building C object external/libwebp/CMakeFiles/webpdsp.dir/src/dsp/alpha_processing.c.o
[42/194] Building C object external/libwebp/CMakeFiles/webpdsp.dir/src/dsp/cpu.c.o
[43/194] Building C object external/libwebp/CMakeFiles/webpencode.dir/src/enc/vp8l_enc.c.o
[44/194] Building C object external/libwebp/CMakeFiles/webpdsp.dir/src/dsp/dec_clip_tables.c.o
[45/194] Building C object external/libwebp/CMakeFiles/webpdsp.dir/src/dsp/filters.c.o
[46/194] Building C object external/libwebp/CMakeFiles/webpdsp.dir/src/dsp/dec.c.o
[47/194] Building C object external/libwebp/CMakeFiles/webpdsp.dir/src/dsp/rescaler.c.o
[48/194] Building C object external/libwebp/CMakeFiles/webpdsp.dir/src/dsp/lossless.c.o
[49/194] Building C object external/libwebp/CMakeFiles/webpdsp.dir/src/dsp/upsampling.c.o
[50/194] Building C object external/libwebp/CMakeFiles/webpdsp.dir/src/dsp/yuv.c.o
[51/194] Building C object external/libwebp/CMakeFiles/webpdsp.dir/src/dsp/dec_sse41.c.o
[52/194] Building C object external/libwebp/CMakeFiles/webpdsp.dir/src/dsp/alpha_processing_sse41.c.o
[53/194] Building C object external/libwebp/CMakeFiles/webpdsp.dir/src/dsp/lossless_sse41.c.o
[54/194] Building C object external/libwebp/CMakeFiles/webpdsp.dir/src/dsp/upsampling_sse41.c.o
[55/194] Building C object external/libwebp/CMakeFiles/webpdsp.dir/src/dsp/alpha_processing_sse2.c.o
[56/194] Building C object external/libwebp/CMakeFiles/webpdsp.dir/src/dsp/yuv_sse41.c.o
[57/194] Building C object external/libwebp/CMakeFiles/webpdsp.dir/src/dsp/filters_sse2.c.o
[58/194] Building C object external/libwebp/CMakeFiles/webpdsp.dir/src/dsp/dec_sse2.c.o
[59/194] Building C object external/libwebp/CMakeFiles/webpdsp.dir/src/dsp/lossless_sse2.c.o
[60/194] Building C object external/libwebp/CMakeFiles/webpdsp.dir/src/dsp/rescaler_sse2.c.o
[61/194] Building C object external/libwebp/CMakeFiles/webpdsp.dir/src/dsp/yuv_sse2.c.o
[62/194] Building C object external/libwebp/CMakeFiles/webpdsp.dir/src/dsp/upsampling_sse2.c.o
[63/194] Building C object external/libwebp/CMakeFiles/webpdsp.dir/src/dsp/alpha_processing_neon.c.o
[64/194] Building C object external/libwebp/CMakeFiles/webpdsp.dir/src/dsp/dec_neon.c.o
[65/194] Building C object external/libwebp/CMakeFiles/webpdsp.dir/src/dsp/filters_neon.c.o
[66/194] Building C object external/libwebp/CMakeFiles/webpdsp.dir/src/dsp/lossless_neon.c.o
[67/194] Building C object external/libwebp/CMakeFiles/webpdsp.dir/src/dsp/rescaler_neon.c.o
[68/194] Building C object external/libwebp/CMakeFiles/webpdsp.dir/src/dsp/upsampling_neon.c.o
[69/194] Building C object external/libwebp/CMakeFiles/webpdsp.dir/src/dsp/yuv_neon.c.o
[70/194] Building C object external/libwebp/CMakeFiles/webpdsp.dir/src/dsp/dec_msa.c.o
[71/194] Building C object external/libwebp/CMakeFiles/webpdsp.dir/src/dsp/filters_msa.c.o
[72/194] Building C object external/libwebp/CMakeFiles/webpdsp.dir/src/dsp/lossless_msa.c.o
[73/194] Building C object external/libwebp/CMakeFiles/webpdsp.dir/src/dsp/rescaler_msa.c.o
[74/194] Building C object external/libwebp/CMakeFiles/webpdsp.dir/src/dsp/dec_mips32.c.o
[75/194] Building C object external/libwebp/CMakeFiles/webpdsp.dir/src/dsp/upsampling_msa.c.o
[76/194] Building C object external/libwebp/CMakeFiles/webpdsp.dir/src/dsp/rescaler_mips32.c.o
[77/194] Building C object external/libwebp/CMakeFiles/webpdsp.dir/src/dsp/yuv_mips32.c.o
[78/194] Building C object external/libwebp/CMakeFiles/webpdsp.dir/src/dsp/alpha_processing_mips_dsp_r2.c.o
[79/194] Building C object external/libwebp/CMakeFiles/webpdsp.dir/src/dsp/dec_mips_dsp_r2.c.o
[80/194] Building C object external/libwebp/CMakeFiles/webpdsp.dir/src/dsp/filters_mips_dsp_r2.c.o
[81/194] Building C object external/libwebp/CMakeFiles/webpdsp.dir/src/dsp/lossless_mips_dsp_r2.c.o
[82/194] Building C object external/libwebp/CMakeFiles/webpdsp.dir/src/dsp/rescaler_mips_dsp_r2.c.o
[83/194] Building C object external/libwebp/CMakeFiles/webpdsp.dir/src/dsp/upsampling_mips_dsp_r2.c.o
[84/194] Building C object external/libwebp/CMakeFiles/webpdsp.dir/src/dsp/yuv_mips_dsp_r2.c.o
[85/194] Building C object external/libwebp/CMakeFiles/webpdsp.dir/src/dsp/cost.c.o
[86/194] Building C object external/libwebp/CMakeFiles/webpdsp.dir/src/dsp/lossless_enc.c.o
[87/194] Building C object external/libwebp/CMakeFiles/webpdsp.dir/src/dsp/enc.c.o
[88/194] Building C object external/libwebp/CMakeFiles/webpdsp.dir/src/dsp/ssim.c.o
[89/194] Building C object external/libwebp/CMakeFiles/webpdsp.dir/src/dsp/cost_sse2.c.o
[90/194] Building C object external/libwebp/CMakeFiles/webpdsp.dir/src/dsp/lossless_enc_sse2.c.o
[91/194] Building C object external/libwebp/CMakeFiles/webpdsp.dir/src/dsp/ssim_sse2.c.o
[92/194] Building C object external/libwebp/CMakeFiles/webpdsp.dir/src/dsp/enc_sse2.c.o
[93/194] Building C object external/libwebp/CMakeFiles/webpdsp.dir/src/dsp/lossless_enc_sse41.c.o
[94/194] Building C object external/libwebp/CMakeFiles/webpdsp.dir/src/dsp/cost_neon.c.o
[95/194] Building C object external/libwebp/CMakeFiles/webpdsp.dir/src/dsp/enc_sse41.c.o
[96/194] Building C object external/libwebp/CMakeFiles/webpdsp.dir/src/dsp/enc_neon.c.o
[97/194] Building C object external/libwebp/CMakeFiles/webpdsp.dir/src/dsp/lossless_enc_neon.c.o
[98/194] Building C object external/libwebp/CMakeFiles/webpdsp.dir/src/dsp/enc_msa.c.o
[99/194] Building C object external/libwebp/CMakeFiles/webpdsp.dir/src/dsp/lossless_enc_msa.c.o
[100/194] Building C object external/libwebp/CMakeFiles/webpdsp.dir/src/dsp/cost_mips32.c.o
[101/194] Building C object external/libwebp/CMakeFiles/webpdsp.dir/src/dsp/enc_mips32.c.o
[102/194] Building C object external/libwebp/CMakeFiles/webpdsp.dir/src/dsp/cost_mips_dsp_r2.c.o
[103/194] Building C object external/libwebp/CMakeFiles/webpdsp.dir/src/dsp/lossless_enc_mips32.c.o
[104/194] Building C object external/libwebp/CMakeFiles/webpdsp.dir/src/dsp/enc_mips_dsp_r2.c.o
[105/194] Building C object external/libwebp/CMakeFiles/webpdsp.dir/src/dsp/lossless_enc_mips_dsp_r2.c.o
[106/194] Building C object external/libwebp/CMakeFiles/webputils.dir/src/utils/color_cache_utils.c.o
[107/194] Building C object external/libwebp/CMakeFiles/webputils.dir/src/utils/filters_utils.c.o
[108/194] Building C object external/libwebp/CMakeFiles/webputils.dir/src/utils/bit_reader_utils.c.o
[109/194] Building C object external/libwebp/CMakeFiles/webputils.dir/src/utils/quant_levels_dec_utils.c.o
[110/194] Building C object external/libwebp/CMakeFiles/webputils.dir/src/utils/huffman_utils.c.o
[111/194] Building C object external/libwebp/CMakeFiles/webputils.dir/src/utils/random_utils.c.o
[112/194] Building C object external/libwebp/CMakeFiles/webputils.dir/src/utils/rescaler_utils.c.o
[113/194] Building C object external/libwebp/CMakeFiles/webputils.dir/src/utils/thread_utils.c.o
[114/194] Building C object external/libwebp/CMakeFiles/webputils.dir/src/utils/utils.c.o
[115/194] Building C object external/libwebp/CMakeFiles/webputils.dir/src/utils/bit_writer_utils.c.o
[116/194] Building C object external/libwebp/CMakeFiles/webputils.dir/src/utils/huffman_encode_utils.c.o
[117/194] Building C object external/libwebp/CMakeFiles/webputils.dir/src/utils/quant_levels_utils.c.o
[118/194] Linking C shared library external/libwebp/libwebp.so.7.1.8
[119/194] Building C object external/libtiff/libtiff/CMakeFiles/tiff.dir/tif_close.c.o
[120/194] Building C object external/libtiff/libtiff/CMakeFiles/tiff.dir/tif_aux.c.o
[121/194] Building C object external/libtiff/libtiff/CMakeFiles/tiff.dir/tif_codec.c.o
[122/194] Building C object external/libtiff/libtiff/CMakeFiles/tiff.dir/tif_color.c.o
[123/194] Building C object external/libtiff/libtiff/CMakeFiles/tiff.dir/tif_compress.c.o
[124/194] Building C object external/libtiff/libtiff/CMakeFiles/tiff.dir/tif_dirinfo.c.o
[125/194] Building C object external/libtiff/libtiff/CMakeFiles/tiff.dir/tif_dir.c.o
[126/194] Building C object external/libtiff/libtiff/CMakeFiles/tiff.dir/tif_dirwrite.c.o
[127/194] Building C object external/libtiff/libtiff/CMakeFiles/tiff.dir/tif_dumpmode.c.o
[128/194] Building C object external/libtiff/libtiff/CMakeFiles/tiff.dir/tif_error.c.o
[129/194] Building C object external/libtiff/libtiff/CMakeFiles/tiff.dir/tif_extension.c.o
[130/194] Building C object external/libtiff/libtiff/CMakeFiles/tiff.dir/tif_dirread.c.o
[131/194] Building C object external/libtiff/libtiff/CMakeFiles/tiff.dir/tif_fax3sm.c.o
[132/194] Building C object external/libtiff/libtiff/CMakeFiles/tiff.dir/tif_flush.c.o
[133/194] Building C object external/libtiff/libtiff/CMakeFiles/tiff.dir/tif_fax3.c.o
[134/194] Building C object external/libtiff/libtiff/CMakeFiles/tiff.dir/tif_hash_set.c.o
[135/194] Building C object external/libtiff/libtiff/CMakeFiles/tiff.dir/tif_jbig.c.o
[136/194] Building C object external/libtiff/libtiff/CMakeFiles/tiff.dir/tif_jpeg.c.o
[137/194] Building C object external/libtiff/libtiff/CMakeFiles/tiff.dir/tif_jpeg_12.c.o
[138/194] Building C object external/libtiff/libtiff/CMakeFiles/tiff.dir/tif_lerc.c.o
[139/194] Building C object external/libtiff/libtiff/CMakeFiles/tiff.dir/tif_luv.c.o
[140/194] Building C object external/libtiff/libtiff/CMakeFiles/tiff.dir/tif_lzma.c.o
[141/194] Building C object external/libtiff/libtiff/CMakeFiles/tiff.dir/tif_lzw.c.o
[142/194] Building C object external/libtiff/libtiff/CMakeFiles/tiff.dir/tif_next.c.o
[143/194] Building C object external/libtiff/libtiff/CMakeFiles/tiff.dir/tif_ojpeg.c.o
[144/194] Building C object external/libtiff/libtiff/CMakeFiles/tiff.dir/tif_open.c.o
[145/194] Building C object external/libtiff/libtiff/CMakeFiles/tiff.dir/tif_packbits.c.o
[146/194] Building C object external/libtiff/libtiff/CMakeFiles/tiff.dir/tif_pixarlog.c.o
[147/194] Building C object external/libtiff/libtiff/CMakeFiles/tiff.dir/tif_getimage.c.o
[148/194] Building C object external/libtiff/libtiff/CMakeFiles/tiff.dir/tif_print.c.o
[149/194] Building C object external/libtiff/libtiff/CMakeFiles/tiff.dir/tif_predict.c.o
[150/194] Building C object external/libtiff/libtiff/CMakeFiles/tiff.dir/tif_strip.c.o
[151/194] Building C object external/libtiff/libtiff/CMakeFiles/tiff.dir/tif_read.c.o
[152/194] Building C object external/libtiff/libtiff/CMakeFiles/tiff.dir/tif_thunder.c.o
[153/194] Building C object external/libtiff/libtiff/CMakeFiles/tiff.dir/tif_swab.c.o
[154/194] Building C object external/libtiff/libtiff/CMakeFiles/tiff.dir/tif_version.c.o
[155/194] Building C object external/libtiff/libtiff/CMakeFiles/tiff.dir/tif_warning.c.o
[156/194] Building C object external/libtiff/libtiff/CMakeFiles/tiff.dir/tif_tile.c.o
[157/194] Building C object external/libtiff/libtiff/CMakeFiles/tiff.dir/tif_webp.c.o
[158/194] Building C object external/libtiff/libtiff/CMakeFiles/tiff.dir/tif_zip.c.o
[159/194] Building C object external/libtiff/libtiff/CMakeFiles/tiff.dir/tif_zstd.c.o
[160/194] Building C object external/libtiff/libtiff/CMakeFiles/tiff.dir/tif_unix.c.o
[161/194] Creating library symlink external/libwebp/libwebp.so.7 external/libwebp/libwebp.so
[162/194] Building C object external/libtiff/libtiff/CMakeFiles/tiff.dir/tif_write.c.o
[163/194] Building C object external/libwebp/CMakeFiles/webpdemux.dir/src/demux/anim_decode.c.o
[164/194] Linking C shared library external/libtiff/libtiff/libtiff.so.6.0.2
[165/194] Building C object external/libwebp/CMakeFiles/webpdemux.dir/src/demux/demux.c.o
[166/194] Building C object CMakeFiles/SDL3_image-shared.dir/src/IMG.c.o
[167/194] Linking C shared library external/libwebp/libwebpdemux.so.2.0.14
[168/194] Building C object CMakeFiles/SDL3_image-shared.dir/src/IMG_WIC.c.o
[169/194] Building C object CMakeFiles/SDL3_image-shared.dir/src/IMG_avif.c.o
[170/194] Building C object CMakeFiles/SDL3_image-shared.dir/src/IMG_bmp.c.o
[171/194] Building C object CMakeFiles/SDL3_image-shared.dir/src/IMG_gif.c.o
[172/194] Building C object CMakeFiles/SDL3_image-shared.dir/src/IMG_jxl.c.o
[173/194] Building C object CMakeFiles/SDL3_image-shared.dir/src/IMG_jpg.c.o
[174/194] Building C object CMakeFiles/SDL3_image-shared.dir/src/IMG_lbm.c.o
[175/194] Building C object CMakeFiles/SDL3_image-shared.dir/src/IMG_pcx.c.o
[176/194] Building C object CMakeFiles/SDL3_image-shared.dir/src/IMG_pnm.c.o
[177/194] Building C object CMakeFiles/SDL3_image-shared.dir/src/IMG_qoi.c.o
[178/194] Building C object CMakeFiles/SDL3_image-shared.dir/src/IMG_png.c.o
[179/194] Building C object CMakeFiles/SDL3_image-shared.dir/src/IMG_svg.c.o
[180/194] Building C object CMakeFiles/SDL3_image-shared.dir/src/IMG_tga.c.o
[181/194] Building C object CMakeFiles/SDL3_image-shared.dir/src/IMG_tif.c.o
[182/194] Building C object CMakeFiles/SDL3_image-shared.dir/src/IMG_webp.c.o
[183/194] Building C object CMakeFiles/SDL3_image-shared.dir/src/IMG_xcf.c.o
[184/194] Building C object CMakeFiles/SDL3_image-shared.dir/src/IMG_stb.c.o
[185/194] Building C object CMakeFiles/SDL3_image-shared.dir/src/IMG_xv.c.o
[186/194] Creating library symlink external/libtiff/libtiff/libtiff.so.6 external/libtiff/libtiff/libtiff.so
[187/194] Creating library symlink external/libwebp/libwebpdemux.so.2 external/libwebp/libwebpdemux.so
[188/194] Building C object CMakeFiles/SDL3_image-shared.dir/src/IMG_xpm.c.o
[189/194] Linking C shared library libSDL3_image.so.0.2.4
[190/194] Creating library symlink libSDL3_image.so.0 libSDL3_image.so
[191/194] Building C object CMakeFiles/showanim.dir/examples/showanim.c.o
[192/194] Linking C executable showanim
[193/194] Building C object CMakeFiles/showimage.dir/examples/showimage.c.o
[194/194] Linking C executable showimage
-- Install configuration: "Release"
-- Installing: /home/runner/work/MonsterWar/MonsterWar/prebuilt/linux/lib/libSDL3_image.so.0.2.4
-- Installing: /home/runner/work/MonsterWar/MonsterWar/prebuilt/linux/lib/libSDL3_image.so.0
-- Set non-toolchain portion of runtime path of "/home/runner/work/MonsterWar/MonsterWar/prebuilt/linux/lib/libSDL3_image.so.0.2.4" to ""
-- Installing: /home/runner/work/MonsterWar/MonsterWar/prebuilt/linux/lib/libSDL3_image.so
-- Installing: /home/runner/work/MonsterWar/MonsterWar/prebuilt/linux/include/SDL3_image/SDL_image.h
-- Installing: /home/runner/work/MonsterWar/MonsterWar/prebuilt/linux/lib/libtiff.so.6.0.2
-- Installing: /home/runner/work/MonsterWar/MonsterWar/prebuilt/linux/lib/libtiff.so.6
-- Installing: /home/runner/work/MonsterWar/MonsterWar/prebuilt/linux/lib/libtiff.so
-- Installing: /home/runner/work/MonsterWar/MonsterWar/prebuilt/linux/lib/libwebp.so.7.1.8
-- Installing: /home/runner/work/MonsterWar/MonsterWar/prebuilt/linux/lib/libwebp.so.7
-- Set non-toolchain portion of runtime path of "/home/runner/work/MonsterWar/MonsterWar/prebuilt/linux/lib/libwebp.so.7.1.8" to "/home/runner/work/MonsterWar/MonsterWar/prebuilt/linux/lib"
-- Installing: /home/runner/work/MonsterWar/MonsterWar/prebuilt/linux/lib/libwebp.so
-- Installing: /home/runner/work/MonsterWar/MonsterWar/prebuilt/linux/lib/libwebpdemux.so.2.0.14
-- Installing: /home/runner/work/MonsterWar/MonsterWar/prebuilt/linux/lib/libwebpdemux.so.2
-- Set non-toolchain portion of runtime path of "/home/runner/work/MonsterWar/MonsterWar/prebuilt/linux/lib/libwebpdemux.so.2.0.14" to "/home/runner/work/MonsterWar/MonsterWar/prebuilt/linux/lib"
-- Installing: /home/runner/work/MonsterWar/MonsterWar/prebuilt/linux/lib/libwebpdemux.so
-- Installing: /home/runner/work/MonsterWar/MonsterWar/prebuilt/linux/lib/cmake/SDL3_image/SDL3_imageConfig.cmake
-- Installing: /home/runner/work/MonsterWar/MonsterWar/prebuilt/linux/lib/cmake/SDL3_image/SDL3_imageConfigVersion.cmake
-- Installing: /home/runner/work/MonsterWar/MonsterWar/prebuilt/linux/lib/cmake/SDL3_image/SDL3_image-shared-targets.cmake
-- Installing: /home/runner/work/MonsterWar/MonsterWar/prebuilt/linux/lib/cmake/SDL3_image/SDL3_image-shared-targets-release.cmake
-- Installing: /home/runner/work/MonsterWar/MonsterWar/prebuilt/linux/lib/pkgconfig/sdl3-image.pc
-- Installing: /home/runner/work/MonsterWar/MonsterWar/prebuilt/linux/share/licenses/SDL3_image/LICENSE.txt
-- Installing: /home/runner/work/MonsterWar/MonsterWar/prebuilt/linux/share/licenses/SDL3_image/optional/LICENSE.tiff.txt
-- Installing: /home/runner/work/MonsterWar/MonsterWar/prebuilt/linux/share/licenses/SDL3_image/optional/LICENSE.webp.txt
-- The C compiler identification is GNU 13.3.0
-- Detecting C compiler ABI info
-- Detecting C compiler ABI info - done
-- Check for working C compiler: /usr/bin/cc - skipped
-- Detecting C compile features
-- Detecting C compile features - done
-- Configuring SDL3_mixer 3.2.0
-- Detecting Target CPU Architecture
-- Detecting Target CPU Architecture - X64
-- Performing Test LINKER_SUPPORTS_VERSION_SCRIPT
-- Performing Test LINKER_SUPPORTS_VERSION_SCRIPT - Success
-- Performing Test HAVE_WL_NO_UNDEFINED
-- Performing Test HAVE_WL_NO_UNDEFINED - Success
-- Using vendored libogg
-- The CXX compiler identification is GNU 13.3.0
-- Detecting CXX compiler ABI info
-- Detecting CXX compiler ABI info - done
-- Check for working CXX compiler: /usr/bin/c++ - skipped
-- Detecting CXX compile features
-- Detecting CXX compile features - done
-- Configuring libogg 1.3.5
-- Looking for include file inttypes.h
-- Looking for include file inttypes.h - found
-- Looking for include file stdint.h
-- Looking for include file stdint.h - found
-- Looking for include file sys/types.h
-- Looking for include file sys/types.h - found
-- Looking for sys/types.h
-- Looking for sys/types.h - found
-- Looking for stdint.h
-- Looking for stdint.h - found
-- Looking for stddef.h
-- Looking for stddef.h - found
-- Check size of int16_t
-- Check size of int16_t - done
-- Check size of uint16_t
-- Check size of uint16_t - done
-- Check size of u_int16_t
-- Check size of u_int16_t - done
-- Check size of int32_t
-- Check size of int32_t - done
-- Check size of uint32_t
-- Check size of uint32_t - done
-- Check size of u_int32_t
-- Check size of u_int32_t - done
-- Check size of int64_t
-- Check size of int64_t - done
-- Check size of short
-- Check size of short - done
-- Check size of int
-- Check size of int - done
-- Check size of long
-- Check size of long - done
-- Check size of long long
-- Check size of long long - done
-- Using vendored opus
-- Found Git: /usr/bin/git (found version "2.55.0")
-- Opus package version from git repo: 1.4-15-gac9f053e
-- Opus project version: 1.4
-- Performing Test VLA_SUPPORTED
-- Performing Test VLA_SUPPORTED -- success
-- Looking for alloca.h
-- Looking for alloca.h - found
-- Looking for alloca
-- Looking for alloca - found
-- Looking for floor in m
-- Looking for floor in m - found
-- Looking for lrintf
-- Looking for lrintf - found
-- Looking for lrint
-- Looking for lrint - found
-- Performing Test CPU_INFO_BY_ASM_SUPPORTED
-- Performing Test CPU_INFO_BY_ASM_SUPPORTED -- success
-- Looking for cpuid.h
-- Looking for cpuid.h - found
-- Performing Test CPU_INFO_BY_C_SUPPORTED
-- Performing Test CPU_INFO_BY_C_SUPPORTED -- success
-- Check SIMD support by compiler
-- Looking for xmmintrin.h
-- Looking for xmmintrin.h - found
-- Performing Test SSE1_SUPPORTED
-- Performing Test SSE1_SUPPORTED - Success
-- Looking for emmintrin.h
-- Looking for emmintrin.h - found
-- Performing Test SSE2_SUPPORTED
-- Performing Test SSE2_SUPPORTED - Success
-- Looking for smmintrin.h
-- Looking for smmintrin.h - found
-- Performing Test SSE4_1_SUPPORTED
-- Performing Test SSE4_1_SUPPORTED - Success
-- Looking for immintrin.h
-- Looking for immintrin.h - found
-- Performing Test AVX_SUPPORTED
-- Performing Test AVX_SUPPORTED - Success
-- Performing Test FAST_MATH_SUPPORTED
-- Performing Test FAST_MATH_SUPPORTED - Success
-- Performing Test STACK_PROTECTOR_SUPPORTED
-- Performing Test STACK_PROTECTOR_SUPPORTED - Success
-- Performing Test HIDDEN_VISIBILITY_SUPPORTED
-- Performing Test HIDDEN_VISIBILITY_SUPPORTED - Success
-- Performing Test Wall_SUPPORTED
-- Performing Test Wall_SUPPORTED - Success
-- Performing Test W_SUPPORTED
-- Performing Test W_SUPPORTED - Success
-- Performing Test Wstrictprototypes_SUPPORTED
-- Performing Test Wstrictprototypes_SUPPORTED - Success
-- Performing Test Wextra_SUPPORTED
-- Performing Test Wextra_SUPPORTED - Success
-- Performing Test Wcastalign_SUPPORTED
-- Performing Test Wcastalign_SUPPORTED - Success
-- Performing Test Wnestedexterns_SUPPORTED
-- Performing Test Wnestedexterns_SUPPORTED - Success
-- Performing Test Wshadow_SUPPORTED
-- Performing Test Wshadow_SUPPORTED - Success
-- The following features have been enabled:

 * OPUS_BUILD_SHARED_LIBRARY, build shared library.
 * OPUS_ENABLE_FLOAT_API, compile with the floating point API (for machines with float library).
 * OPUS_HARDENING, run-time checks that are cheap and safe for use in production.
 * OPUS_INSTALL_PKG_CONFIG_MODULE, install pkg-config module.
 * OPUS_INSTALL_CMAKE_CONFIG_MODULE, install CMake package config module.
 * OPUS_VAR_ARRAYS, use variable length arrays for stack arrays.
 * OPUS_STACK_PROTECTOR, use stack protection.
 * OPUS_FORTIFY_SOURCE, add protection against buffer overflows.
 * OPUS_X86_MAY_HAVE_SSE, does runtime check for SSE1 support.
 * OPUS_X86_MAY_HAVE_SSE2, does runtime check for SSE2 support.
 * OPUS_X86_MAY_HAVE_SSE4_1, does runtime check for SSE4.1 support.
 * OPUS_X86_MAY_HAVE_AVX, does runtime check for AVX support.
 * OPUS_X86_PRESUME_SSE, assume target CPU has SSE1 support (override runtime check).
 * OPUS_X86_PRESUME_SSE2, assume target CPU has SSE2 support (override runtime check).

-- The following OPTIONAL packages have been found:

 * Git

-- The following REQUIRED packages have been found:

 * SDL3 (required version >= 3.4.0), low level access to audio, keyboard, mouse, joystick, and graphics hardware, <https://www.libsdl.org/>

-- The following features have been disabled:

 * OPUS_BUILD_TESTING, build tests.
 * OPUS_CUSTOM_MODES, enable non-Opus modes, e.g. 44.1 kHz & 2^n frames.
 * OPUS_BUILD_PROGRAMS, build programs.
 * OPUS_DISABLE_INTRINSICS, disable all intrinsics optimizations.
 * OPUS_FIXED_POINT, compile as fixed-point (for machines without a fast enough FPU).
 * OPUS_FLOAT_APPROX, enable floating point approximations (Ensure your platform supports IEEE 754 before enabling).
 * OPUS_ASSERTIONS, additional software error checking.
 * OPUS_FUZZING, causes the encoder to make random decisions (do not use in production).
 * OPUS_CHECK_ASM, enable bit-exactness checks between optimized and c implementations.
 * OPUS_FIXED_POINT_DEBUG, debug fixed-point implementation.
 * OPUS_USE_ALLOCA, use alloca for stack arrays (on non-C99 compilers).
 * OPUS_NONTHREADSAFE_PSEUDOSTACK, use a non threadsafe pseudostack when neither variable length arrays or alloca is supported.
 * OPUS_FAST_MATH, enable fast math (unsupported and discouraged use, as code is not well tested with this build option).
 * OPUS_X86_PRESUME_SSE4_1, assume target CPU has SSE4.1 support (override runtime check).
 * OPUS_X86_PRESUME_AVX, assume target CPU has AVX support (override runtime check).

-- Using vendored opusfile
-- Opus package version from git repo: 0.12-69-g840684e
-- Opus project version: 0.12
-- Looking for lrintf in m
-- Looking for lrintf in m - found
-- Looking for lrintf
-- Looking for lrintf - found
-- Dynamic opus (opusfile): $<TARGET_SONAME_FILE_NAME:opusfile>
-- Using vendored vorbis + vorbisfile
-- Configuring vorbis 1.3.7
-- Dynamic vorbisfile: $<TARGET_SONAME_FILE_NAME:vorbisfile>
-- Using vendored libflac
-- Performing Test Iconv_IS_BUILT_IN
-- Performing Test Iconv_IS_BUILT_IN - Success
-- Found Iconv: built in to C library
-- Performing Test DODEFINE_FORTIFY_SOURCE
-- Performing Test DODEFINE_FORTIFY_SOURCE - Success
-- Performing Test HAVE_MBSTATE
-- Performing Test HAVE_MBSTATE - Success
-- Performing Test DODEFINE_EXTENSIONS
-- Performing Test DODEFINE_EXTENSIONS - Success
-- Looking for byteswap.h
-- Looking for byteswap.h - found
-- Looking for inttypes.h
-- Looking for inttypes.h - found
-- Looking for x86intrin.h
-- Looking for x86intrin.h - found
-- Looking for fseeko
-- Looking for fseeko - found
-- Performing Test HAVE_BSWAP16
-- Performing Test HAVE_BSWAP16 - Success
-- Performing Test HAVE_BSWAP32
-- Performing Test HAVE_BSWAP32 - Success
-- Performing Test HAVE_WERROR_FLAG
-- Performing Test HAVE_WERROR_FLAG - Success
-- Performing Test HAVE_DECL_AFTER_STMT_FLAG
-- Performing Test HAVE_DECL_AFTER_STMT_FLAG - Success
-- Performing Test HAVE_STACKREALIGN_FLAG
-- Performing Test HAVE_STACKREALIGN_FLAG - Success
-- Performing Test HAVE_WEFFCXX_FLAG
-- Performing Test HAVE_WEFFCXX_FLAG - Success
-- Performing Test HAVE_STACK_PROTECTOR_FLAG
-- Performing Test HAVE_STACK_PROTECTOR_FLAG - Success
-- Looking for sys/param.h
-- Looking for sys/param.h - found
-- Looking for lround
-- Looking for lround - found
-- Check CPU architecture is x64
-- Check CPU architecture is x64 - yes
-- Looking for a ASM_NASM compiler
-- Looking for a ASM_NASM compiler - NOTFOUND
-- Looking for string.h
-- Looking for string.h - found
-- Found Intl: built in to C library
-- Looking for clock_gettime
-- Looking for clock_gettime - found
CMake Deprecation Warning at external/flac/doc/CMakeLists.txt:1 (cmake_minimum_required):
  Compatibility with CMake < 3.10 will be removed from a future version of
  CMake.

  Update the VERSION argument <min> value.  Or, use the <min>...<max> syntax
  to tell CMake that the project requires at least <min> but has been updated
  to work with policies introduced by <max> or earlier.


-- Could NOT find Doxygen (missing: DOXYGEN_EXECUTABLE) 
-- Dynamic libflac: $<TARGET_SONAME_FILE_NAME:FLAC>
-- Using vendored libgme
-- VGM/GYM: Nuked OPN2 emulator will be used
-- Zlib-Compressed formats excluded
-- Performing Test LINKER_SUPPORTS_NO_UNDEFINED
-- Performing Test LINKER_SUPPORTS_NO_UNDEFINED - Success
-- Performing Test LIBM_NOT_NEEDED
-- Performing Test LIBM_NOT_NEEDED - Success
-- Dynamic libgme: $<TARGET_SONAME_FILE_NAME:gme_shared>
-- Using vendored libxmp
-- Check for working linker: /usr/bin/ld
-- Linker identification: GNU ld (GNU Binutils for Ubuntu) 2.42
-- Performing Test HAVE_W_ALL
-- Performing Test HAVE_W_ALL - Success
-- Performing Test HAVE_W_EXTRA
-- Performing Test HAVE_W_EXTRA - Success
-- Performing Test HAVE_W_WRITE_STRINGS
-- Performing Test HAVE_W_WRITE_STRINGS - Success
-- Performing Test HAVE_W_DECLARATION_AFTER_STATEMENT
-- Performing Test HAVE_W_DECLARATION_AFTER_STATEMENT - Success
-- Performing Test HAVE_W_MISSING_PROTOTYPES
-- Performing Test HAVE_W_MISSING_PROTOTYPES - Success
-- Performing Test HAVE_W_STRICT_PROTOTYPES
-- Performing Test HAVE_W_STRICT_PROTOTYPES - Success
-- Performing Test HAVE_W_WUNDEF
-- Performing Test HAVE_W_WUNDEF - Success
-- Performing Test HAVE_W_NO_UNKNOWN_WARNING
-- Performing Test HAVE_W_NO_UNKNOWN_WARNING - Failed
-- Performing Test HAVE_W_NO_UNUSED_PARAMETER
-- Performing Test HAVE_W_NO_UNUSED_PARAMETER - Success
-- Performing Test HAVE_W_NO_SIGN_COMPARE
-- Performing Test HAVE_W_NO_SIGN_COMPARE - Success
-- Looking for powf
-- Looking for powf - found
-- Looking for powf
-- Looking for powf - found
-- Looking for popen
-- Looking for popen - found
-- Looking for popen
-- Looking for popen - found
-- Looking for fnmatch
-- Looking for fnmatch - found
-- Looking for fnmatch
-- Looking for fnmatch - found
-- Looking for umask
-- Looking for umask - found
-- Looking for umask
-- Looking for umask - found
-- Looking for wait
-- Looking for wait - found
-- Looking for wait
-- Looking for wait - found
-- Looking for mkstemp
-- Looking for mkstemp - found
-- Looking for mkstemp
-- Looking for mkstemp - found
-- Looking for unistd.h
-- Looking for unistd.h - found
-- Looking for pipe
-- Looking for pipe - found
-- Looking for pipe
-- Looking for pipe - found
-- Looking for fork
-- Looking for fork - found
-- Looking for fork
-- Looking for fork - found
-- Looking for execvp
-- Looking for execvp - found
-- Looking for execvp
-- Looking for execvp - found
-- Looking for dup2
-- Looking for dup2 - found
-- Looking for dup2
-- Looking for dup2 - found
-- Looking for opendir
-- Looking for opendir - found
-- Looking for opendir
-- Looking for opendir - found
-- Looking for readdir
-- Looking for readdir - found
-- Performing Test HAVE_VISIBILITY
-- Performing Test HAVE_VISIBILITY - Success
-- Performing Test HAVE_EXTERNAL_VISIBILITY
-- Performing Test HAVE_EXTERNAL_VISIBILITY - Success
-- Performing Test HAVE_ATTRIBUTE_SYMVER
-- Performing Test HAVE_ATTRIBUTE_SYMVER - Success
-- Performing Test HAVE_NO_UNDEFINED
-- Performing Test HAVE_NO_UNDEFINED - Success
-- Versioned symbols: ENABLED.
-- Manpage generation disabled: rst2man not found
-- HTML doc generation disabled: rst2html not found
-- PDF doc generation disabled: rst2pdf not found
-- Dynamic libxmp: $<TARGET_SONAME_FILE_NAME:xmp_shared>
-- Using vendored mpg123
-- The ASM compiler identification is GNU
-- Found assembler: /usr/bin/cc
-- Looking for arpa/inet.h
-- Looking for arpa/inet.h - found
-- Looking for dirent.h
-- Looking for dirent.h - found
-- Looking for dlfcn.h
-- Looking for dlfcn.h - found
-- Looking for langinfo.h
-- Looking for langinfo.h - found
-- Looking for locale.h
-- Looking for locale.h - found
-- Looking for netdb.h
-- Looking for netdb.h - found
-- Looking for netinet/in.h
-- Looking for netinet/in.h - found
-- Looking for sched.h
-- Looking for sched.h - found
-- Looking for signal.h
-- Looking for signal.h - found
-- Looking for strings.h
-- Looking for strings.h - found
-- Looking for sys/ioctl.h
-- Looking for sys/ioctl.h - found
-- Looking for sys/ipc.h
-- Looking for sys/ipc.h - found
-- Looking for sys/resource.h
-- Looking for sys/resource.h - found
-- Looking for sys/select.h
-- Looking for sys/select.h - found
-- Looking for sys/shm.h
-- Looking for sys/shm.h - found
-- Looking for sys/signal.h
-- Looking for sys/signal.h - found
-- Looking for sys/socket.h
-- Looking for sys/socket.h - found
-- Looking for sys/stat.h
-- Looking for sys/stat.h - found
-- Looking for sys/time.h
-- Looking for sys/time.h - found
-- Looking for sys/wait.h
-- Looking for sys/wait.h - found
-- Looking for termios.h
-- Looking for termios.h - found
-- Looking for windows.h
-- Looking for windows.h - not found
-- Looking for sin
-- Looking for sin - found
-- Looking for clock_gettime
-- Looking for clock_gettime - found
-- Looking for atoll
-- Looking for atoll - found
-- Looking for getaddrinfo
-- Looking for getaddrinfo - found
-- Looking for mkfifo
-- Looking for mkfifo - found
-- Looking for mmap
-- Looking for mmap - found
-- Looking for nl_langinfo
-- Looking for nl_langinfo - found
-- Looking for random
-- Looking for random - found
-- Looking for setenv
-- Looking for setenv - found
-- Looking for unsetenv
-- Looking for unsetenv - found
-- Looking for setlocale
-- Looking for setlocale - found
-- Looking for uselocale
-- Looking for uselocale - found
-- Looking for setpriority
-- Looking for setpriority - found
-- Looking for shmget
-- Looking for shmget - found
-- Looking for shmat
-- Looking for shmat - found
-- Looking for shmdt
-- Looking for shmdt - found
-- Looking for shmctl
-- Looking for shmctl - found
-- Looking for strerror
-- Looking for strerror - found
-- Looking for strerror_l
-- Looking for strerror_l - found
-- Looking for strtok_r
-- Looking for strtok_r - found
-- Looking for strtok_s
-- Looking for strtok_s - not found
-- Looking for ctermid
-- Looking for ctermid - found
-- Check size of off_t
-- Check size of off_t - done
-- Performing Test ASMALIGN_BALIGN
-- Performing Test ASMALIGN_BALIGN - Success
-- Performing Test ASMALIGN_EXP
-- Performing Test ASMALIGN_EXP - Failed
-- Performing Test CCALIGN
-- Performing Test CCALIGN - Success
-- Performing Test LFS_INSENSITIVE
-- Performing Test LFS_INSENSITIVE - Success
-- Looking for dlopen
-- Looking for dlopen - found
-- Check CPU architecture is x86
-- Check CPU architecture is x86 - no
-- Check CPU architecture is x64
-- Check CPU architecture is x64 - yes
-- Check CPU architecture is arm32
-- Check CPU architecture is arm32 - no
-- Check CPU architecture is arm64
-- Check CPU architecture is arm64 - no
-- Detected machine: amd64
-- Dynamic mpg123: $<TARGET_SONAME_FILE_NAME:libmpg123>
-- Using vendored WavPack
-- Looking for a ASM-ATT compiler
-- Looking for a ASM-ATT compiler - /usr/bin/as
-- The ASM-ATT compiler identification is GNU
-- Found assembler: /usr/bin/as
-- Performing Test CMAKE_HAVE_LIBC_PTHREAD
-- Performing Test CMAKE_HAVE_LIBC_PTHREAD - Success
-- Found Threads: TRUE
-- Performing Test HAVE___BUILTIN_CLZ
-- Performing Test HAVE___BUILTIN_CLZ - Success
-- Checking large files support...
-- Checking size of off_t without any definitions:
-- Check size of off_t
-- Check size of off_t - done
-- Checking of off_t without any definitions: 8
-- Result of checking large files support: supported
-- Detecting Target CPU Architecture
-- Detecting Target CPU Architecture - X64
-- Performing Test COMPILER_SUPPORTS_SYMBOL_MAPS
-- Performing Test COMPILER_SUPPORTS_SYMBOL_MAPS - Success
-- The following features have been enabled:

 * OPUS_BUILD_SHARED_LIBRARY, build shared library.
 * OPUS_ENABLE_FLOAT_API, compile with the floating point API (for machines with float library).
 * OPUS_HARDENING, run-time checks that are cheap and safe for use in production.
 * OPUS_INSTALL_PKG_CONFIG_MODULE, install pkg-config module.
 * OPUS_INSTALL_CMAKE_CONFIG_MODULE, install CMake package config module.
 * OPUS_VAR_ARRAYS, use variable length arrays for stack arrays.
 * OPUS_STACK_PROTECTOR, use stack protection.
 * OPUS_FORTIFY_SOURCE, add protection against buffer overflows.
 * OPUS_X86_MAY_HAVE_SSE, does runtime check for SSE1 support.
 * OPUS_X86_MAY_HAVE_SSE2, does runtime check for SSE2 support.
 * OPUS_X86_MAY_HAVE_SSE4_1, does runtime check for SSE4.1 support.
 * OPUS_X86_MAY_HAVE_AVX, does runtime check for AVX support.
 * OPUS_X86_PRESUME_SSE, assume target CPU has SSE1 support (override runtime check).
 * OPUS_X86_PRESUME_SSE2, assume target CPU has SSE2 support (override runtime check).
 * BUILD_SHARED_LIBS, Build shared library.
 * WAVPACK_ENABLE_DSD, Enable support for WavPack DSD files.
 * WAVPACK_ENABLE_ASM, Enable assembly optimizations.

-- The following OPTIONAL packages have been found:

 * Iconv
 * Intl
 * Threads, Threads library
   Required to build tests, optional for library.

-- The following REQUIRED packages have been found:

 * SDL3 (required version >= 3.4.0), low level access to audio, keyboard, mouse, joystick, and graphics hardware, <https://www.libsdl.org/>
 * Git, fast, scalable, distributed revision control system, <https://git-scm.com/>
   required to set up package version

-- The following features have been disabled:

 * OPUS_BUILD_TESTING, build tests.
 * OPUS_CUSTOM_MODES, enable non-Opus modes, e.g. 44.1 kHz & 2^n frames.
 * OPUS_BUILD_PROGRAMS, build programs.
 * OPUS_DISABLE_INTRINSICS, disable all intrinsics optimizations.
 * OPUS_FIXED_POINT, compile as fixed-point (for machines without a fast enough FPU).
 * OPUS_FLOAT_APPROX, enable floating point approximations (Ensure your platform supports IEEE 754 before enabling).
 * OPUS_ASSERTIONS, additional software error checking.
 * OPUS_FUZZING, causes the encoder to make random decisions (do not use in production).
 * OPUS_CHECK_ASM, enable bit-exactness checks between optimized and c implementations.
 * OPUS_FIXED_POINT_DEBUG, debug fixed-point implementation.
 * OPUS_USE_ALLOCA, use alloca for stack arrays (on non-C99 compilers).
 * OPUS_NONTHREADSAFE_PSEUDOSTACK, use a non threadsafe pseudostack when neither variable length arrays or alloca is supported.
 * OPUS_FAST_MATH, enable fast math (unsupported and discouraged use, as code is not well tested with this build option).
 * OPUS_X86_PRESUME_SSE4_1, assume target CPU has SSE4.1 support (override runtime check).
 * OPUS_X86_PRESUME_AVX, assume target CPU has AVX support (override runtime check).
 * BUILD_TESTING, Build tests.
 * WAVPACK_ENABLE_LEGACY, Decode legacy (< 4.0) WavPack files.
 * WAVPACK_ENABLE_THREADS, Enable support for threading in libwavpack.
 * WAVPACK_INSTALL_CMAKE_MODULE, Generate and install CMake package configuration module.
 * WAVPACK_BUILD_PROGRAMS, Build programs.
 * WAVPACK_BUILD_COOLEDIT_PLUGIN, Build CoolEdit plugin.
 * WAVPACK_BUILD_WINAMP_PLUGIN, Build WinAmp plugin.
 * WAVPACK_INSTALL_DOCS, Install documentation.
 * WAVPACK_INSTALL_PKGCONFIG_MODULE, Generate and install wavpack.pc.

-- The following OPTIONAL packages have not been found:

 * Doxygen

-- Dynamic WavPack: $<TARGET_SONAME_FILE_NAME:wavpack>
-- SDL3_mixer backends:
-- - enabled:  opus vorbis_stb vorbis_vorbisfile flac_libflac flac_drflac gme mod_xmp mp3_drmp3 mp3_mpg123 midi_timidity wave aiff voc au wavpack
-- - disabled: vorbis_tremor midi_fluidsynth
-- Configuring done (10.9s)
-- Generating done (0.1s)
-- Build files have been written to: /home/runner/work/MonsterWar/MonsterWar/build-linux-prebuilt/obj/sdl_mixer
[1/463] Building C object external/ogg-build/CMakeFiles/ogg.dir/src/bitwise.c.o
[2/463] Building C object external/ogg-build/CMakeFiles/ogg.dir/src/framing.c.o
[3/463] Linking C shared library external/ogg-build/libogg.so.0.8.5
[4/463] Creating library symlink external/ogg-build/libogg.so.0 external/ogg-build/libogg.so
[5/463] Building C object external/opus-build/CMakeFiles/opus.dir/src/opus.c.o
[6/463] Building C object external/opus-build/CMakeFiles/opus.dir/src/opus_decoder.c.o
[7/463] Building C object external/opus-build/CMakeFiles/opus.dir/src/opus_multistream.c.o
[8/463] Building C object external/opus-build/CMakeFiles/opus.dir/src/opus_multistream_encoder.c.o
[9/463] Building C object external/opus-build/CMakeFiles/opus.dir/src/opus_encoder.c.o
[10/463] Building C object external/opus-build/CMakeFiles/opus.dir/src/repacketizer.c.o
[11/463] Building C object external/opus-build/CMakeFiles/opus.dir/src/opus_multistream_decoder.c.o
[12/463] Building C object external/opus-build/CMakeFiles/opus.dir/src/opus_projection_encoder.c.o
[13/463] Building C object external/opus-build/CMakeFiles/opus.dir/src/opus_projection_decoder.c.o
[14/463] Building C object external/opus-build/CMakeFiles/opus.dir/src/mapping_matrix.c.o
[15/463] Building C object external/opus-build/CMakeFiles/opus.dir/src/mlp.c.o
[16/463] Building C object external/opus-build/CMakeFiles/opus.dir/src/mlp_data.c.o
[17/463] Building C object external/opus-build/CMakeFiles/opus.dir/silk/CNG.c.o
[18/463] Building C object external/opus-build/CMakeFiles/opus.dir/src/analysis.c.o
[19/463] Building C object external/opus-build/CMakeFiles/opus.dir/silk/init_decoder.c.o
[20/463] Building C object external/opus-build/CMakeFiles/opus.dir/silk/code_signs.c.o
[21/463] Building C object external/opus-build/CMakeFiles/opus.dir/silk/decode_frame.c.o
[22/463] Building C object external/opus-build/CMakeFiles/opus.dir/silk/decode_parameters.c.o
[23/463] Building C object external/opus-build/CMakeFiles/opus.dir/silk/decode_core.c.o
[24/463] Building C object external/opus-build/CMakeFiles/opus.dir/silk/decode_indices.c.o
[25/463] Building C object external/opus-build/CMakeFiles/opus.dir/silk/decode_pulses.c.o
[26/463] Building C object external/opus-build/CMakeFiles/opus.dir/silk/decoder_set_fs.c.o
[27/463] Building C object external/opus-build/CMakeFiles/opus.dir/silk/dec_API.c.o
[28/463] Building C object external/opus-build/CMakeFiles/opus.dir/silk/encode_indices.c.o
[29/463] Building C object external/opus-build/CMakeFiles/opus.dir/silk/enc_API.c.o
[30/463] Building C object external/opus-build/CMakeFiles/opus.dir/silk/encode_pulses.c.o
[31/463] Building C object external/opus-build/CMakeFiles/opus.dir/silk/gain_quant.c.o
[32/463] Building C object external/opus-build/CMakeFiles/opus.dir/silk/interpolate.c.o
[33/463] Building C object external/opus-build/CMakeFiles/opus.dir/silk/LP_variable_cutoff.c.o
[34/463] Building C object external/opus-build/CMakeFiles/opus.dir/silk/NLSF_decode.c.o
[35/463] Building C object external/opus-build/CMakeFiles/opus.dir/silk/NSQ.c.o
[36/463] Building C object external/opus-build/CMakeFiles/opus.dir/silk/PLC.c.o
[37/463] Building C object external/opus-build/CMakeFiles/opus.dir/silk/NSQ_del_dec.c.o
[38/463] Building C object external/opus-build/CMakeFiles/opus.dir/silk/shell_coder.c.o
[39/463] Building C object external/opus-build/CMakeFiles/opus.dir/silk/tables_gain.c.o
[40/463] Building C object external/opus-build/CMakeFiles/opus.dir/silk/tables_LTP.c.o
[41/463] Building C object external/opus-build/CMakeFiles/opus.dir/silk/tables_NLSF_CB_NB_MB.c.o
[42/463] Building C object external/opus-build/CMakeFiles/opus.dir/silk/tables_NLSF_CB_WB.c.o
[43/463] Building C object external/opus-build/CMakeFiles/opus.dir/silk/tables_other.c.o
[44/463] Building C object external/opus-build/CMakeFiles/opus.dir/silk/tables_pitch_lag.c.o
[45/463] Building C object external/opus-build/CMakeFiles/opus.dir/silk/tables_pulses_per_block.c.o
[46/463] Building C object external/opus-build/CMakeFiles/opus.dir/silk/control_audio_bandwidth.c.o
[47/463] Building C object external/opus-build/CMakeFiles/opus.dir/silk/quant_LTP_gains.c.o
[48/463] Building C object external/opus-build/CMakeFiles/opus.dir/silk/VAD.c.o
[49/463] Building C object external/opus-build/CMakeFiles/opus.dir/silk/VQ_WMat_EC.c.o
[50/463] Building C object external/opus-build/CMakeFiles/opus.dir/silk/HP_variable_cutoff.c.o
[51/463] Building C object external/opus-build/CMakeFiles/opus.dir/silk/NLSF_encode.c.o
[52/463] Building C object external/opus-build/CMakeFiles/opus.dir/silk/NLSF_VQ.c.o
[53/463] Building C object external/opus-build/CMakeFiles/opus.dir/silk/NLSF_unpack.c.o
[54/463] Building C object external/opus-build/CMakeFiles/opus.dir/silk/process_NLSFs.c.o
[55/463] Building C object external/opus-build/CMakeFiles/opus.dir/silk/NLSF_del_dec_quant.c.o
[56/463] Building C object external/opus-build/CMakeFiles/opus.dir/silk/stereo_MS_to_LR.c.o
[57/463] Building C object external/opus-build/CMakeFiles/opus.dir/silk/check_control_input.c.o
[58/463] Building C object external/opus-build/CMakeFiles/opus.dir/silk/stereo_LR_to_MS.c.o
[59/463] Building C object external/opus-build/CMakeFiles/opus.dir/silk/control_SNR.c.o
[60/463] Building C object external/opus-build/CMakeFiles/opus.dir/silk/init_encoder.c.o
[61/463] Building C object external/opus-build/CMakeFiles/opus.dir/silk/control_codec.c.o
[62/463] Building C object external/opus-build/CMakeFiles/opus.dir/silk/ana_filt_bank_1.c.o
[63/463] Building C object external/opus-build/CMakeFiles/opus.dir/silk/biquad_alt.c.o
[64/463] Building C object external/opus-build/CMakeFiles/opus.dir/silk/A2NLSF.c.o
[65/463] Building C object external/opus-build/CMakeFiles/opus.dir/silk/bwexpander_32.c.o
[66/463] Building C object external/opus-build/CMakeFiles/opus.dir/silk/debug.c.o
[67/463] Building C object external/opus-build/CMakeFiles/opus.dir/silk/bwexpander.c.o
[68/463] Building C object external/opus-build/CMakeFiles/opus.dir/silk/decode_pitch.c.o
[69/463] Building C object external/opus-build/CMakeFiles/opus.dir/silk/inner_prod_aligned.c.o
[70/463] Building C object external/opus-build/CMakeFiles/opus.dir/silk/lin2log.c.o
[71/463] Building C object external/opus-build/CMakeFiles/opus.dir/silk/log2lin.c.o
[72/463] Building C object external/opus-build/CMakeFiles/opus.dir/silk/LPC_analysis_filter.c.o
[73/463] Building C object external/opus-build/CMakeFiles/opus.dir/silk/table_LSF_cos.c.o
[74/463] Building C object external/opus-build/CMakeFiles/opus.dir/silk/LPC_inv_pred_gain.c.o
[75/463] Building C object external/opus-build/CMakeFiles/opus.dir/silk/NLSF2A.c.o
[76/463] Building C object external/opus-build/CMakeFiles/opus.dir/silk/NLSF_stabilize.c.o
[77/463] Building C object external/opus-build/CMakeFiles/opus.dir/silk/pitch_est_tables.c.o
[78/463] Building C object external/opus-build/CMakeFiles/opus.dir/silk/NLSF_VQ_weights_laroia.c.o
[79/463] Building C object external/opus-build/CMakeFiles/opus.dir/silk/resampler_down2_3.c.o
[80/463] Building C object external/opus-build/CMakeFiles/opus.dir/silk/resampler.c.o
[81/463] Building C object external/opus-build/CMakeFiles/opus.dir/silk/resampler_private_AR2.c.o
[82/463] Building C object external/opus-build/CMakeFiles/opus.dir/silk/resampler_down2.c.o
[83/463] Building C object external/opus-build/CMakeFiles/opus.dir/silk/resampler_private_IIR_FIR.c.o
[84/463] Building C object external/opus-build/CMakeFiles/opus.dir/silk/resampler_private_down_FIR.c.o
[85/463] Building C object external/opus-build/CMakeFiles/opus.dir/silk/resampler_private_up2_HQ.c.o
[86/463] Building C object external/opus-build/CMakeFiles/opus.dir/silk/resampler_rom.c.o
[87/463] Building C object external/opus-build/CMakeFiles/opus.dir/silk/sigm_Q15.c.o
[88/463] Building C object external/opus-build/CMakeFiles/opus.dir/silk/sort.c.o
[89/463] Building C object external/opus-build/CMakeFiles/opus.dir/silk/sum_sqr_shift.c.o
[90/463] Building C object external/opus-build/CMakeFiles/opus.dir/silk/stereo_decode_pred.c.o
[91/463] Building C object external/opus-build/CMakeFiles/opus.dir/silk/stereo_encode_pred.c.o
[92/463] Building C object external/opus-build/CMakeFiles/opus.dir/silk/stereo_quant_pred.c.o
[93/463] Building C object external/opus-build/CMakeFiles/opus.dir/silk/stereo_find_predictor.c.o
[94/463] Building C object external/opus-build/CMakeFiles/opus.dir/silk/LPC_fit.c.o
[95/463] Building C object external/opus-build/CMakeFiles/opus.dir/celt/celt.c.o
[96/463] Building C object external/opus-build/CMakeFiles/opus.dir/celt/bands.c.o
[97/463] Building C object external/opus-build/CMakeFiles/opus.dir/celt/celt_decoder.c.o
[98/463] Building C object external/opus-build/CMakeFiles/opus.dir/celt/cwrs.c.o
[99/463] Building C object external/opus-build/CMakeFiles/opus.dir/celt/entcode.c.o
[100/463] Building C object external/opus-build/CMakeFiles/opus.dir/celt/entdec.c.o
[101/463] Building C object external/opus-build/CMakeFiles/opus.dir/celt/entenc.c.o
[102/463] Building C object external/opus-build/CMakeFiles/opus.dir/celt/celt_encoder.c.o
[103/463] Building C object external/opus-build/CMakeFiles/opus.dir/celt/laplace.c.o
[104/463] Building C object external/opus-build/CMakeFiles/opus.dir/celt/kiss_fft.c.o
[105/463] Building C object external/opus-build/CMakeFiles/opus.dir/celt/mathops.c.o
[106/463] Building C object external/opus-build/CMakeFiles/opus.dir/celt/modes.c.o
[107/463] Building C object external/opus-build/CMakeFiles/opus.dir/celt/mdct.c.o
[108/463] Building C object external/opus-build/CMakeFiles/opus.dir/celt/pitch.c.o
[109/463] Building C object external/opus-build/CMakeFiles/opus.dir/celt/celt_lpc.c.o
[110/463] Building C object external/opus-build/CMakeFiles/opus.dir/celt/quant_bands.c.o
[111/463] Building C object external/opus-build/CMakeFiles/opus.dir/celt/rate.c.o
[112/463] Building C object external/opus-build/CMakeFiles/opus.dir/silk/float/apply_sine_window_FLP.c.o
[113/463] Building C object external/opus-build/CMakeFiles/opus.dir/silk/float/corrMatrix_FLP.c.o
[114/463] Building C object external/opus-build/CMakeFiles/opus.dir/celt/vq.c.o
[115/463] Building C object external/opus-build/CMakeFiles/opus.dir/silk/float/find_LPC_FLP.c.o
[116/463] Building C object external/opus-build/CMakeFiles/opus.dir/silk/float/find_LTP_FLP.c.o
[117/463] Building C object external/opus-build/CMakeFiles/opus.dir/silk/float/encode_frame_FLP.c.o
[118/463] Building C object external/opus-build/CMakeFiles/opus.dir/silk/float/find_pitch_lags_FLP.c.o
[119/463] Building C object external/opus-build/CMakeFiles/opus.dir/silk/float/find_pred_coefs_FLP.c.o
[120/463] Building C object external/opus-build/CMakeFiles/opus.dir/silk/float/LTP_analysis_filter_FLP.c.o
[121/463] Building C object external/opus-build/CMakeFiles/opus.dir/silk/float/LPC_analysis_filter_FLP.c.o
[122/463] Building C object external/opus-build/CMakeFiles/opus.dir/silk/float/LTP_scale_ctrl_FLP.c.o
[123/463] Building C object external/opus-build/CMakeFiles/opus.dir/silk/float/process_gains_FLP.c.o
[124/463] Building C object external/opus-build/CMakeFiles/opus.dir/silk/float/regularize_correlations_FLP.c.o
[125/463] Building C object external/opus-build/CMakeFiles/opus.dir/silk/float/noise_shape_analysis_FLP.c.o
[126/463] Building C object external/opus-build/CMakeFiles/opus.dir/silk/float/residual_energy_FLP.c.o
[127/463] Building C object external/opus-build/CMakeFiles/opus.dir/silk/float/warped_autocorrelation_FLP.c.o
[128/463] Building C object external/opus-build/CMakeFiles/opus.dir/silk/float/autocorrelation_FLP.c.o
[129/463] Building C object external/opus-build/CMakeFiles/opus.dir/silk/float/wrappers_FLP.c.o
[130/463] Building C object external/opus-build/CMakeFiles/opus.dir/silk/float/bwexpander_FLP.c.o
[131/463] Building C object external/opus-build/CMakeFiles/opus.dir/silk/float/energy_FLP.c.o
[132/463] Building C object external/opus-build/CMakeFiles/opus.dir/silk/float/inner_product_FLP.c.o
[133/463] Building C object external/opus-build/CMakeFiles/opus.dir/silk/float/burg_modified_FLP.c.o
[134/463] Building C object external/opus-build/CMakeFiles/opus.dir/silk/float/k2a_FLP.c.o
[135/463] Building C object external/opus-build/CMakeFiles/opus.dir/silk/float/LPC_inv_pred_gain_FLP.c.o
[136/463] Building C object external/opus-build/CMakeFiles/opus.dir/silk/float/scale_copy_vector_FLP.c.o
[137/463] Building C object external/opus-build/CMakeFiles/opus.dir/silk/float/scale_vector_FLP.c.o
[138/463] Building C object external/opus-build/CMakeFiles/opus.dir/silk/float/schur_FLP.c.o
[139/463] Building C object external/opus-build/CMakeFiles/opus.dir/silk/float/sort_FLP.c.o
[140/463] Building C object external/opus-build/CMakeFiles/opus.dir/silk/float/pitch_analysis_core_FLP.c.o
[141/463] Building C object external/opus-build/CMakeFiles/opus.dir/celt/x86/x86_celt_map.c.o
[142/463] Building C object external/opus-build/CMakeFiles/opus.dir/celt/x86/x86cpu.c.o
[143/463] Building C object external/opus-build/CMakeFiles/opus.dir/silk/x86/x86_silk_map.c.o
[144/463] Building C object external/opus-build/CMakeFiles/opus.dir/celt/x86/pitch_sse2.c.o
[145/463] Building C object external/opus-build/CMakeFiles/opus.dir/celt/x86/pitch_sse.c.o
[146/463] Building C object external/opus-build/CMakeFiles/opus.dir/celt/x86/celt_lpc_sse4_1.c.o
[147/463] Building C object external/opus-build/CMakeFiles/opus.dir/celt/x86/vq_sse2.c.o
[148/463] Building C object external/opus-build/CMakeFiles/opus.dir/celt/x86/pitch_sse4_1.c.o
[149/463] Building C object external/opus-build/CMakeFiles/opus.dir/silk/x86/NSQ_sse4_1.c.o
[150/463] Building C object external/opus-build/CMakeFiles/opus.dir/silk/x86/VAD_sse4_1.c.o
[151/463] Building C object external/opus-build/CMakeFiles/opus.dir/silk/x86/NSQ_del_dec_sse4_1.c.o
[152/463] Building C object external/opus-build/CMakeFiles/opus.dir/silk/x86/VQ_WMat_EC_sse4_1.c.o
[153/463] Building C object external/vorbis-build/lib/CMakeFiles/vorbis.dir/mdct.c.o
[154/463] Building C object external/vorbis-build/lib/CMakeFiles/vorbis.dir/block.c.o
[155/463] Building C object external/vorbis-build/lib/CMakeFiles/vorbis.dir/envelope.c.o
[156/463] Building C object external/vorbis-build/lib/CMakeFiles/vorbis.dir/window.c.o
[157/463] Building C object external/vorbis-build/lib/CMakeFiles/vorbis.dir/smallft.c.o
[158/463] Building C object external/vorbis-build/lib/CMakeFiles/vorbis.dir/lsp.c.o
[159/463] Building C object external/vorbis-build/lib/CMakeFiles/vorbis.dir/lpc.c.o
[160/463] Building C object external/vorbis-build/lib/CMakeFiles/vorbis.dir/analysis.c.o
[161/463] Building C object external/vorbis-build/lib/CMakeFiles/vorbis.dir/synthesis.c.o
[162/463] Building C object external/vorbis-build/lib/CMakeFiles/vorbis.dir/info.c.o
[163/463] Building C object external/vorbis-build/lib/CMakeFiles/vorbis.dir/floor1.c.o
[164/463] Building C object external/vorbis-build/lib/CMakeFiles/vorbis.dir/psy.c.o
[165/463] Building C object external/vorbis-build/lib/CMakeFiles/vorbis.dir/floor0.c.o
[166/463] Building C object external/vorbis-build/lib/CMakeFiles/vorbis.dir/mapping0.c.o
[167/463] Building C object external/vorbis-build/lib/CMakeFiles/vorbis.dir/registry.c.o
[168/463] Building C object external/vorbis-build/lib/CMakeFiles/vorbis.dir/res0.c.o
[169/463] Building C object external/vorbis-build/lib/CMakeFiles/vorbis.dir/codebook.c.o
[170/463] Building C object external/vorbis-build/lib/CMakeFiles/vorbis.dir/lookup.c.o
[171/463] Building C object external/vorbis-build/lib/CMakeFiles/vorbis.dir/bitrate.c.o
[172/463] Building C object external/vorbis-build/lib/CMakeFiles/vorbis.dir/sharedbook.c.o
[173/463] Linking C shared library external/opus-build/libopus.so.0.9.0
[174/463] Linking C shared library external/vorbis-build/lib/libvorbis.so.0.4.9
[175/463] Creating library symlink external/opus-build/libopus.so.0 external/opus-build/libopus.so
[176/463] Building C object external/opusfile-build/CMakeFiles/opusfile.dir/src/internal.c.o
[177/463] Building C object external/opusfile-build/CMakeFiles/opusfile.dir/src/info.c.o
[178/463] Building C object external/opusfile-build/CMakeFiles/opusfile.dir/src/stream.c.o
[179/463] Creating library symlink external/vorbis-build/lib/libvorbis.so.0 external/vorbis-build/lib/libvorbis.so
[180/463] Building C object external/vorbis-build/lib/CMakeFiles/vorbisfile.dir/vorbisfile.c.o
[181/463] Building C object external/opusfile-build/CMakeFiles/opusfile.dir/src/opusfile.c.o
/home/runner/work/MonsterWar/MonsterWar/build-linux-prebuilt/src/SDL_mixer/external/opusfile/src/opusfile.c: In function ‘op_find_initial_pcm_offset’:
/home/runner/work/MonsterWar/MonsterWar/build-linux-prebuilt/src/SDL_mixer/external/opusfile/src/opusfile.c:939:25: warning: ‘diff’ may be used uninitialized [-Wmaybe-uninitialized]
  939 |       diff=durations[pi]-diff;
      |            ~~~~~~~~~~~~~^~~~~
/home/runner/work/MonsterWar/MonsterWar/build-linux-prebuilt/src/SDL_mixer/external/opusfile/src/opusfile.c:937:19: note: ‘diff’ was declared here
  937 |       ogg_int64_t diff;
      |                   ^~~~
In function ‘op_bisect_forward_serialno’,
    inlined from ‘op_open_seekable2_impl’ at /home/runner/work/MonsterWar/MonsterWar/build-linux-prebuilt/src/SDL_mixer/external/opusfile/src/opusfile.c:1424:10,
    inlined from ‘op_open_seekable2.constprop’ at /home/runner/work/MonsterWar/MonsterWar/build-linux-prebuilt/src/SDL_mixer/external/opusfile/src/opusfile.c:1458:7:
/home/runner/work/MonsterWar/MonsterWar/build-linux-prebuilt/src/SDL_mixer/external/opusfile/src/opusfile.c:1263:11: warning: ‘end_offset’ may be used uninitialized [-Wmaybe-uninitialized]
 1263 |       ret=op_find_final_pcm_offset(_of,serialnos,nserialnos,
      |           ^~~~~~~~~~~~~~~~~~~~~~~~~~~~~~~~~~~~~~~~~~~~~~~~~~
 1264 |        links+nlinks-1,end_offset,links[nlinks-1].serialno,end_gp,
      |        ~~~~~~~~~~~~~~~~~~~~~~~~~~~~~~~~~~~~~~~~~~~~~~~~~~~~~~~~~~
 1265 |        &total_duration);
      |        ~~~~~~~~~~~~~~~~
/home/runner/work/MonsterWar/MonsterWar/build-linux-prebuilt/src/SDL_mixer/external/opusfile/src/opusfile.c: In function ‘op_open_seekable2.constprop’:
/home/runner/work/MonsterWar/MonsterWar/build-linux-prebuilt/src/SDL_mixer/external/opusfile/src/opusfile.c:1136:17: note: ‘end_offset’ was declared here
 1136 |     ogg_int64_t end_offset;
      |                 ^~~~~~~~~~
/home/runner/work/MonsterWar/MonsterWar/build-linux-prebuilt/src/SDL_mixer/external/opusfile/src/opusfile.c: In function ‘op_pcm_total’:
/home/runner/work/MonsterWar/MonsterWar/build-linux-prebuilt/src/SDL_mixer/external/opusfile/src/opusfile.c:1768:25: warning: ‘diff’ may be used uninitialized [-Wmaybe-uninitialized]
 1768 |   return pcm_total+(diff-links[_li].head.pre_skip);
      |                    ~~~~~^~~~~~~~~~~~~~~~~~~~~~~~~~
/home/runner/work/MonsterWar/MonsterWar/build-linux-prebuilt/src/SDL_mixer/external/opusfile/src/opusfile.c:1749:16: note: ‘diff’ was declared here
 1749 |   ogg_int64_t  diff;
      |                ^~~~
In function ‘op_get_granulepos’,
    inlined from ‘op_pcm_seek’ at /home/runner/work/MonsterWar/MonsterWar/build-linux-prebuilt/src/SDL_mixer/external/opusfile/src/opusfile.c:2623:13:
/home/runner/work/MonsterWar/MonsterWar/build-linux-prebuilt/src/SDL_mixer/external/opusfile/src/opusfile.c:2221:11: warning: ‘duration’ may be used uninitialized [-Wmaybe-uninitialized]
 2221 |   duration-=pre_skip;
      |           ^~
/home/runner/work/MonsterWar/MonsterWar/build-linux-prebuilt/src/SDL_mixer/external/opusfile/src/opusfile.c: In function ‘op_pcm_seek’:
/home/runner/work/MonsterWar/MonsterWar/build-linux-prebuilt/src/SDL_mixer/external/opusfile/src/opusfile.c:2199:22: note: ‘duration’ was declared here
 2199 |   ogg_int64_t        duration;
      |                      ^~~~~~~~
In function ‘op_granpos_cmp’,
    inlined from ‘op_pcm_seek_page’ at /home/runner/work/MonsterWar/MonsterWar/build-linux-prebuilt/src/SDL_mixer/external/opusfile/src/opusfile.c:2316:6,
    inlined from ‘op_pcm_seek’ at /home/runner/work/MonsterWar/MonsterWar/build-linux-prebuilt/src/SDL_mixer/external/opusfile/src/opusfile.c:2655:7:
/home/runner/work/MonsterWar/MonsterWar/build-linux-prebuilt/src/SDL_mixer/external/opusfile/src/opusfile.c:735:10: warning: ‘pcm_pre_skip’ may be used uninitialized [-Wmaybe-uninitialized]
  735 |   else if(OP_UNLIKELY(_gp_b<0))return -1;
      |          ^
/home/runner/work/MonsterWar/MonsterWar/build-linux-prebuilt/src/SDL_mixer/external/opusfile/src/opusfile.c: In function ‘op_pcm_seek’:
/home/runner/work/MonsterWar/MonsterWar/build-linux-prebuilt/src/SDL_mixer/external/opusfile/src/opusfile.c:2278:22: note: ‘pcm_pre_skip’ was declared here
 2278 |   ogg_int64_t        pcm_pre_skip;
      |                      ^~~~~~~~~~~~
In function ‘op_pcm_seek_page’,
    inlined from ‘op_pcm_seek’ at /home/runner/work/MonsterWar/MonsterWar/build-linux-prebuilt/src/SDL_mixer/external/opusfile/src/opusfile.c:2655:7:
/home/runner/work/MonsterWar/MonsterWar/build-linux-prebuilt/src/SDL_mixer/external/opusfile/src/opusfile.c:2351:13: warning: ‘diff’ may be used uninitialized [-Wmaybe-uninitialized]
 2351 |           if(diff<0){
      |             ^
/home/runner/work/MonsterWar/MonsterWar/build-linux-prebuilt/src/SDL_mixer/external/opusfile/src/opusfile.c: In function ‘op_pcm_seek’:
/home/runner/work/MonsterWar/MonsterWar/build-linux-prebuilt/src/SDL_mixer/external/opusfile/src/opusfile.c:2282:22: note: ‘diff’ was declared here
 2282 |   ogg_int64_t        diff;
      |                      ^~~~
In function ‘op_rescale64’,
    inlined from ‘op_pcm_seek_page’ at /home/runner/work/MonsterWar/MonsterWar/build-linux-prebuilt/src/SDL_mixer/external/opusfile/src/opusfile.c:2439:22,
    inlined from ‘op_pcm_seek’ at /home/runner/work/MonsterWar/MonsterWar/build-linux-prebuilt/src/SDL_mixer/external/opusfile/src/opusfile.c:2655:7:
/home/runner/work/MonsterWar/MonsterWar/build-linux-prebuilt/src/SDL_mixer/external/opusfile/src/opusfile.c:1016:5: warning: ‘diff2’ may be used uninitialized [-Wmaybe-uninitialized]
 1016 |   if(_x>=_from)return _to;
      |     ^
/home/runner/work/MonsterWar/MonsterWar/build-linux-prebuilt/src/SDL_mixer/external/opusfile/src/opusfile.c: In function ‘op_pcm_seek’:
/home/runner/work/MonsterWar/MonsterWar/build-linux-prebuilt/src/SDL_mixer/external/opusfile/src/opusfile.c:2435:21: note: ‘diff2’ was declared here
 2435 |         ogg_int64_t diff2;
      |                     ^~~~~
[182/463] Building C object external/flac-build/src/libFLAC/CMakeFiles/FLAC.dir/bitmath.c.o
[183/463] Building C object external/flac-build/src/libFLAC/CMakeFiles/FLAC.dir/bitreader.c.o
[184/463] Building C object external/flac-build/src/libFLAC/CMakeFiles/FLAC.dir/cpu.c.o
[185/463] Building C object external/flac-build/src/libFLAC/CMakeFiles/FLAC.dir/crc.c.o
[186/463] Building C object external/flac-build/src/libFLAC/CMakeFiles/FLAC.dir/bitwriter.c.o
[187/463] Building C object external/flac-build/src/libFLAC/CMakeFiles/FLAC.dir/fixed_intrin_sse2.c.o
[188/463] Building C object external/flac-build/src/libFLAC/CMakeFiles/FLAC.dir/fixed.c.o
[189/463] Building C object external/flac-build/src/libFLAC/CMakeFiles/FLAC.dir/float.c.o
[190/463] Building C object external/flac-build/src/libFLAC/CMakeFiles/FLAC.dir/fixed_intrin_ssse3.c.o
[191/463] Building C object external/flac-build/src/libFLAC/CMakeFiles/FLAC.dir/format.c.o
[192/463] Building C object external/flac-build/src/libFLAC/CMakeFiles/FLAC.dir/lpc_intrin_sse.c.o
[193/463] Building C object external/flac-build/src/libFLAC/CMakeFiles/FLAC.dir/lpc_intrin_sse2.c.o
[194/463] Building C object external/flac-build/src/libFLAC/CMakeFiles/FLAC.dir/lpc_intrin_sse41.c.o
[195/463] Building C object external/flac-build/src/libFLAC/CMakeFiles/FLAC.dir/lpc.c.o
[196/463] Building C object external/flac-build/src/libFLAC/CMakeFiles/FLAC.dir/lpc_intrin_vsx.c.o
[197/463] Building C object external/flac-build/src/libFLAC/CMakeFiles/FLAC.dir/md5.c.o
[198/463] Building C object external/flac-build/src/libFLAC/CMakeFiles/FLAC.dir/memory.c.o
[199/463] Building C object external/flac-build/src/libFLAC/CMakeFiles/FLAC.dir/lpc_intrin_avx2.c.o
[200/463] Building C object external/flac-build/src/libFLAC/CMakeFiles/FLAC.dir/metadata_iterators.c.o
[201/463] Building C object external/flac-build/src/libFLAC/CMakeFiles/FLAC.dir/metadata_object.c.o
[202/463] Building C object external/flac-build/src/libFLAC/CMakeFiles/FLAC.dir/stream_decoder.c.o
[203/463] Building C object external/flac-build/src/libFLAC/CMakeFiles/FLAC.dir/stream_encoder_intrin_sse2.c.o
[204/463] Building C object external/flac-build/src/libFLAC/CMakeFiles/FLAC.dir/stream_encoder_intrin_ssse3.c.o
[205/463] Building C object external/flac-build/src/libFLAC/CMakeFiles/FLAC.dir/stream_encoder.c.o
[206/463] Building C object external/flac-build/src/libFLAC/CMakeFiles/FLAC.dir/stream_encoder_framing.c.o
[207/463] Building C object external/flac-build/src/libFLAC/CMakeFiles/FLAC.dir/stream_encoder_intrin_avx2.c.o
[208/463] Building C object external/flac-build/src/libFLAC/CMakeFiles/FLAC.dir/window.c.o
[209/463] Building CXX object external/libgme-build/gme/CMakeFiles/gme_shared.dir/Classic_Emu.cpp.o
[210/463] Building CXX object external/libgme-build/gme/CMakeFiles/gme_shared.dir/Blip_Buffer.cpp.o
[211/463] Building CXX object external/libgme-build/gme/CMakeFiles/gme_shared.dir/Data_Reader.cpp.o
[212/463] Building CXX object external/libgme-build/gme/CMakeFiles/gme_shared.dir/Dual_Resampler.cpp.o
[213/463] Building CXX object external/libgme-build/gme/CMakeFiles/gme_shared.dir/Fir_Resampler.cpp.o
[214/463] Building CXX object external/libgme-build/gme/CMakeFiles/gme_shared.dir/gme.cpp.o
[215/463] Building CXX object external/libgme-build/gme/CMakeFiles/gme_shared.dir/Effects_Buffer.cpp.o
[216/463] Building CXX object external/libgme-build/gme/CMakeFiles/gme_shared.dir/Gme_File.cpp.o
[217/463] Building CXX object external/libgme-build/gme/CMakeFiles/gme_shared.dir/Multi_Buffer.cpp.o
[218/463] Building CXX object external/libgme-build/gme/CMakeFiles/gme_shared.dir/M3u_Playlist.cpp.o
[219/463] Building CXX object external/libgme-build/gme/CMakeFiles/gme_shared.dir/Ay_Apu.cpp.o
[220/463] Building CXX object external/libgme-build/gme/CMakeFiles/gme_shared.dir/Music_Emu.cpp.o
[221/463] Building CXX object external/libgme-build/gme/CMakeFiles/gme_shared.dir/Sms_Apu.cpp.o
[222/463] Building CXX object external/libgme-build/gme/CMakeFiles/gme_shared.dir/Ym2612_Nuked.cpp.o
[223/463] Building CXX object external/libgme-build/gme/CMakeFiles/gme_shared.dir/Ay_Emu.cpp.o
[224/463] Building CXX object external/libgme-build/gme/CMakeFiles/gme_shared.dir/Ay_Cpu.cpp.o
[225/463] Building CXX object external/libgme-build/gme/CMakeFiles/gme_shared.dir/Gb_Apu.cpp.o
[226/463] Building CXX object external/libgme-build/gme/CMakeFiles/gme_shared.dir/Gb_Cpu.cpp.o
[227/463] Building CXX object external/libgme-build/gme/CMakeFiles/gme_shared.dir/Gb_Oscs.cpp.o
[228/463] Building CXX object external/libgme-build/gme/CMakeFiles/gme_shared.dir/Gbs_Emu.cpp.o
[229/463] Building CXX object external/libgme-build/gme/CMakeFiles/gme_shared.dir/Gym_Emu.cpp.o
[230/463] Building CXX object external/libgme-build/gme/CMakeFiles/gme_shared.dir/Hes_Apu.cpp.o
[231/463] Building CXX object external/libgme-build/gme/CMakeFiles/gme_shared.dir/Hes_Emu.cpp.o
[232/463] Building CXX object external/libgme-build/gme/CMakeFiles/gme_shared.dir/Hes_Cpu.cpp.o
[233/463] Building CXX object external/libgme-build/gme/CMakeFiles/gme_shared.dir/Kss_Emu.cpp.o
[234/463] Building CXX object external/libgme-build/gme/CMakeFiles/gme_shared.dir/Kss_Scc_Apu.cpp.o
[235/463] Building CXX object external/libgme-build/gme/CMakeFiles/gme_shared.dir/Kss_Cpu.cpp.o
[236/463] Building CXX object external/libgme-build/gme/CMakeFiles/gme_shared.dir/Nes_Apu.cpp.o
[237/463] Building CXX object external/libgme-build/gme/CMakeFiles/gme_shared.dir/Nes_Fme7_Apu.cpp.o
[238/463] Building CXX object external/libgme-build/gme/CMakeFiles/gme_shared.dir/Nes_Cpu.cpp.o
[239/463] Building CXX object external/libgme-build/gme/CMakeFiles/gme_shared.dir/Nes_Namco_Apu.cpp.o
[240/463] Building CXX object external/libgme-build/gme/CMakeFiles/gme_shared.dir/Nes_Vrc6_Apu.cpp.o
[241/463] Building CXX object external/libgme-build/gme/CMakeFiles/gme_shared.dir/Nes_Oscs.cpp.o
[242/463] Building CXX object external/libgme-build/gme/CMakeFiles/gme_shared.dir/Nes_Fds_Apu.cpp.o
[243/463] Building CXX object external/libgme-build/gme/CMakeFiles/gme_shared.dir/Nes_Vrc7_Apu.cpp.o
[244/463] Building C object external/libgme-build/gme/CMakeFiles/gme_shared.dir/ext/panning.c.o
[245/463] Building CXX object external/libgme-build/gme/CMakeFiles/gme_shared.dir/Nsf_Emu.cpp.o
[246/463] Building CXX object external/libgme-build/gme/CMakeFiles/gme_shared.dir/Nsfe_Emu.cpp.o
[247/463] Building CXX object external/libgme-build/gme/CMakeFiles/gme_shared.dir/Sap_Apu.cpp.o
[248/463] Building C object external/libgme-build/gme/CMakeFiles/gme_shared.dir/ext/emu2413.c.o
[249/463] Building CXX object external/libgme-build/gme/CMakeFiles/gme_shared.dir/Sap_Cpu.cpp.o
[250/463] Building CXX object external/libgme-build/gme/CMakeFiles/gme_shared.dir/Snes_Spc.cpp.o
[251/463] Building CXX object external/libgme-build/gme/CMakeFiles/gme_shared.dir/Sap_Emu.cpp.o
[252/463] Building CXX object external/libgme-build/gme/CMakeFiles/gme_shared.dir/Spc_Dsp.cpp.o
[253/463] Building CXX object external/libgme-build/gme/CMakeFiles/gme_shared.dir/Spc_Emu.cpp.o
[254/463] Building CXX object external/libgme-build/gme/CMakeFiles/gme_shared.dir/Spc_Filter.cpp.o
[255/463] Building CXX object external/libgme-build/gme/CMakeFiles/gme_shared.dir/Spc_Cpu.cpp.o
[256/463] Building CXX object external/libgme-build/gme/CMakeFiles/gme_shared.dir/Vgm_Emu_Impl.cpp.o
[257/463] Building CXX object external/libgme-build/gme/CMakeFiles/gme_shared.dir/Ym2413_Emu.cpp.o
[258/463] Building CXX object external/libgme-build/gme/CMakeFiles/gme_shared.dir/Vgm_Emu.cpp.o
[259/463] Building C object external/libxmp-build/CMakeFiles/xmp_shared.dir/src/format.c.o
[260/463] Building C object external/libxmp-build/CMakeFiles/xmp_shared.dir/src/period.c.o
[261/463] Building C object external/libxmp-build/CMakeFiles/xmp_shared.dir/src/virtual.c.o
[262/463] Building C object external/libxmp-build/CMakeFiles/xmp_shared.dir/src/read_event.c.o
[263/463] Building C object external/libxmp-build/CMakeFiles/xmp_shared.dir/src/player.c.o
[264/463] Building C object external/libxmp-build/CMakeFiles/xmp_shared.dir/src/misc.c.o
[265/463] Building C object external/libxmp-build/CMakeFiles/xmp_shared.dir/src/dataio.c.o
[266/463] Building C object external/libxmp-build/CMakeFiles/xmp_shared.dir/src/mkstemp.c.o
[267/463] Building C object external/libxmp-build/CMakeFiles/xmp_shared.dir/src/lfo.c.o
[268/463] Building C object external/libxmp-build/CMakeFiles/xmp_shared.dir/src/md5.c.o
[269/463] Building C object external/libxmp-build/CMakeFiles/xmp_shared.dir/src/control.c.o
[270/463] Building C object external/libxmp-build/CMakeFiles/xmp_shared.dir/src/far_extras.c.o
[271/463] Building C object external/libxmp-build/CMakeFiles/xmp_shared.dir/src/scan.c.o
[272/463] Building C object external/libxmp-build/CMakeFiles/xmp_shared.dir/src/filter.c.o
[273/463] Building C object external/libxmp-build/CMakeFiles/xmp_shared.dir/src/med_extras.c.o
[274/463] Building C object external/libxmp-build/CMakeFiles/xmp_shared.dir/src/flow.c.o
[275/463] Building C object external/libxmp-build/CMakeFiles/xmp_shared.dir/src/effects.c.o
[276/463] Building C object external/libxmp-build/CMakeFiles/xmp_shared.dir/src/mixer.c.o
[277/463] Building C object external/libxmp-build/CMakeFiles/xmp_shared.dir/src/rng.c.o
[278/463] Building C object external/libxmp-build/CMakeFiles/xmp_shared.dir/src/load_helpers.c.o
[279/463] Building C object external/libxmp-build/CMakeFiles/xmp_shared.dir/src/load.c.o
[280/463] Building C object external/libxmp-build/CMakeFiles/xmp_shared.dir/src/hio.c.o
[281/463] Building C object external/libxmp-build/CMakeFiles/xmp_shared.dir/src/hmn_extras.c.o
[282/463] Building C object external/libxmp-build/CMakeFiles/xmp_shared.dir/src/mix_all.c.o
[283/463] Building C object external/libxmp-build/CMakeFiles/xmp_shared.dir/src/extras.c.o
[284/463] Building C object external/libxmp-build/CMakeFiles/xmp_shared.dir/src/smix.c.o
[285/463] Building C object external/libxmp-build/CMakeFiles/xmp_shared.dir/src/path.c.o
[286/463] Building C object external/libxmp-build/CMakeFiles/xmp_shared.dir/src/filetype.c.o
[287/463] Building C object external/libxmp-build/CMakeFiles/xmp_shared.dir/src/tempfile.c.o
[288/463] Building C object external/libxmp-build/CMakeFiles/xmp_shared.dir/src/memio.c.o
[289/463] Building C object external/libxmp-build/CMakeFiles/xmp_shared.dir/src/mix_paula.c.o
[290/463] Building C object external/libxmp-build/CMakeFiles/xmp_shared.dir/src/win32.c.o
[291/463] Building C object external/libxmp-build/CMakeFiles/xmp_shared.dir/src/miniz_tinfl.c.o
[292/463] Building C object external/libxmp-build/CMakeFiles/xmp_shared.dir/src/loaders/common.c.o
[293/463] Building C object external/libxmp-build/CMakeFiles/xmp_shared.dir/src/loaders/iff.c.o
[294/463] Building C object external/libxmp-build/CMakeFiles/xmp_shared.dir/src/loaders/itsex.c.o
[295/463] Building C object external/libxmp-build/CMakeFiles/xmp_shared.dir/src/loaders/voltable.c.o
[296/463] Building C object external/libxmp-build/CMakeFiles/xmp_shared.dir/src/loaders/lzw.c.o
[297/463] Building C object external/libxmp-build/CMakeFiles/xmp_shared.dir/src/loaders/sample.c.o
[298/463] Building C object external/libxmp-build/CMakeFiles/xmp_shared.dir/src/loaders/xm_load.c.o
[299/463] Building C object external/libxmp-build/CMakeFiles/xmp_shared.dir/src/loaders/mod_load.c.o
[300/463] Building C object external/libxmp-build/CMakeFiles/xmp_shared.dir/src/loaders/s3m_load.c.o
[301/463] Building C object external/libxmp-build/CMakeFiles/xmp_shared.dir/src/loaders/stm_load.c.o
[302/463] Building C object external/libxmp-build/CMakeFiles/xmp_shared.dir/src/loaders/669_load.c.o
[303/463] Building C object external/libxmp-build/CMakeFiles/xmp_shared.dir/src/loaders/far_load.c.o
[304/463] Building C object external/libxmp-build/CMakeFiles/xmp_shared.dir/src/loaders/mtm_load.c.o
[305/463] Building C object external/libxmp-build/CMakeFiles/xmp_shared.dir/src/loaders/ptm_load.c.o
[306/463] Building C object external/libxmp-build/CMakeFiles/xmp_shared.dir/src/loaders/okt_load.c.o
[307/463] Building C object external/libxmp-build/CMakeFiles/xmp_shared.dir/src/loaders/ult_load.c.o
[308/463] Building C object external/libxmp-build/CMakeFiles/xmp_shared.dir/src/loaders/vorbis.c.o
[309/463] Building C object external/libxmp-build/CMakeFiles/xmp_shared.dir/src/loaders/mdl_load.c.o
[310/463] Building C object external/libxmp-build/CMakeFiles/xmp_shared.dir/src/loaders/stx_load.c.o
[311/463] Building C object external/libxmp-build/CMakeFiles/xmp_shared.dir/src/loaders/pt3_load.c.o
[312/463] Building C object external/libxmp-build/CMakeFiles/xmp_shared.dir/src/loaders/sfx_load.c.o
[313/463] Building C object external/libxmp-build/CMakeFiles/xmp_shared.dir/src/loaders/flt_load.c.o
[314/463] Building C object external/libxmp-build/CMakeFiles/xmp_shared.dir/src/loaders/it_load.c.o
[315/463] Building C object external/libxmp-build/CMakeFiles/xmp_shared.dir/src/loaders/emod_load.c.o
[316/463] Building C object external/libxmp-build/CMakeFiles/xmp_shared.dir/src/loaders/st_load.c.o
[317/463] Building C object external/libxmp-build/CMakeFiles/xmp_shared.dir/src/loaders/digi_load.c.o
[318/463] Building C object external/libxmp-build/CMakeFiles/xmp_shared.dir/src/loaders/imf_load.c.o
[319/463] Building C object external/libxmp-build/CMakeFiles/xmp_shared.dir/src/loaders/fnk_load.c.o
[320/463] Building C object external/libxmp-build/CMakeFiles/xmp_shared.dir/src/loaders/ice_load.c.o
[321/463] Building C object external/libxmp-build/CMakeFiles/xmp_shared.dir/src/loaders/ims_load.c.o
[322/463] Building C object external/libxmp-build/CMakeFiles/xmp_shared.dir/src/loaders/liq_load.c.o
[323/463] Building C object external/libxmp-build/CMakeFiles/xmp_shared.dir/src/loaders/masi16_load.c.o
[324/463] Building C object external/libxmp-build/CMakeFiles/xmp_shared.dir/src/loaders/masi_load.c.o
[325/463] Building C object external/libxmp-build/CMakeFiles/xmp_shared.dir/src/loaders/stim_load.c.o
[326/463] Building C object external/libxmp-build/CMakeFiles/xmp_shared.dir/src/loaders/amf_load.c.o
[327/463] Building C object external/libxmp-build/CMakeFiles/xmp_shared.dir/src/loaders/mmd1_load.c.o
[328/463] Building C object external/libxmp-build/CMakeFiles/xmp_shared.dir/src/loaders/mmd_common.c.o
[329/463] Building C object external/libxmp-build/CMakeFiles/xmp_shared.dir/src/loaders/mmd3_load.c.o
[330/463] Building C object external/libxmp-build/CMakeFiles/xmp_shared.dir/src/loaders/rtm_load.c.o
[331/463] Building C object external/libxmp-build/CMakeFiles/xmp_shared.dir/src/loaders/dt_load.c.o
[332/463] Building C object external/libxmp-build/CMakeFiles/xmp_shared.dir/src/loaders/no_load.c.o
[333/463] Building C object external/libxmp-build/CMakeFiles/xmp_shared.dir/src/loaders/arch_load.c.o
[334/463] Building C object external/libxmp-build/CMakeFiles/xmp_shared.dir/src/loaders/med2_load.c.o
[335/463] Building C object external/libxmp-build/CMakeFiles/xmp_shared.dir/src/loaders/sym_load.c.o
[336/463] Building C object external/libxmp-build/CMakeFiles/xmp_shared.dir/src/loaders/med3_load.c.o
[337/463] Building C object external/libxmp-build/CMakeFiles/xmp_shared.dir/src/loaders/dbm_load.c.o
[338/463] Building C object external/libxmp-build/CMakeFiles/xmp_shared.dir/src/loaders/med4_load.c.o
[339/463] Building C object external/libxmp-build/CMakeFiles/xmp_shared.dir/src/loaders/umx_load.c.o
[340/463] Building C object external/libxmp-build/CMakeFiles/xmp_shared.dir/src/loaders/pw_load.c.o
[341/463] Building C object external/libxmp-build/CMakeFiles/xmp_shared.dir/src/loaders/gdm_load.c.o
[342/463] Building C object external/libxmp-build/CMakeFiles/xmp_shared.dir/src/loaders/gal5_load.c.o
[343/463] Building C object external/libxmp-build/CMakeFiles/xmp_shared.dir/src/loaders/gal4_load.c.o
[344/463] Building C object external/libxmp-build/CMakeFiles/xmp_shared.dir/src/loaders/mfp_load.c.o
[345/463] Building C object external/libxmp-build/CMakeFiles/xmp_shared.dir/src/loaders/asylum_load.c.o
[346/463] Building C object external/libxmp-build/CMakeFiles/xmp_shared.dir/src/loaders/muse_load.c.o
[347/463] Building C object external/libxmp-build/CMakeFiles/xmp_shared.dir/src/loaders/hmn_load.c.o
[348/463] Building C object external/libxmp-build/CMakeFiles/xmp_shared.dir/src/loaders/mgt_load.c.o
[349/463] Building C object external/libxmp-build/CMakeFiles/xmp_shared.dir/src/loaders/chip_load.c.o
[350/463] Building C object external/libxmp-build/CMakeFiles/xmp_shared.dir/src/loaders/abk_load.c.o
[351/463] Building C object external/libxmp-build/CMakeFiles/xmp_shared.dir/src/loaders/coco_load.c.o
[352/463] Building C object external/libxmp-build/CMakeFiles/xmp_shared.dir/src/loaders/xmf_load.c.o
[353/463] Building C object external/wavpack-build/CMakeFiles/wavpack.dir/src/common_utils.c.o
[354/463] Building C object external/wavpack-build/CMakeFiles/wavpack.dir/src/decorr_utils.c.o
[355/463] Building C object external/wavpack-build/CMakeFiles/wavpack.dir/src/entropy_utils.c.o
[356/463] Building C object external/wavpack-build/CMakeFiles/wavpack.dir/src/extra1.c.o
[357/463] Building C object external/wavpack-build/CMakeFiles/wavpack.dir/src/extra2.c.o
[358/463] Building C object external/wavpack-build/CMakeFiles/wavpack.dir/src/open_filename.c.o
[359/463] Building C object external/wavpack-build/CMakeFiles/wavpack.dir/src/open_legacy.c.o
[360/463] Building C object external/wavpack-build/CMakeFiles/wavpack.dir/src/open_utils.c.o
[361/463] Building C object external/wavpack-build/CMakeFiles/wavpack.dir/src/open_raw.c.o
[362/463] Building C object external/wavpack-build/CMakeFiles/wavpack.dir/src/pack_dns.c.o
[363/463] Building C object external/wavpack-build/CMakeFiles/wavpack.dir/src/pack_floats.c.o
[364/463] Building C object external/wavpack-build/CMakeFiles/wavpack.dir/src/pack.c.o
[365/463] Building C object external/wavpack-build/CMakeFiles/wavpack.dir/src/read_words.c.o
[366/463] Building C object external/wavpack-build/CMakeFiles/wavpack.dir/src/tags.c.o
[367/463] Building C object external/wavpack-build/CMakeFiles/wavpack.dir/src/pack_utils.c.o
[368/463] Building C object external/wavpack-build/CMakeFiles/wavpack.dir/src/tag_utils.c.o
[369/463] Building C object external/wavpack-build/CMakeFiles/wavpack.dir/src/unpack_floats.c.o
[370/463] Building C object external/wavpack-build/CMakeFiles/wavpack.dir/src/unpack_seek.c.o
[371/463] Building C object external/wavpack-build/CMakeFiles/wavpack.dir/src/unpack.c.o
[372/463] Building C object external/wavpack-build/CMakeFiles/wavpack.dir/src/unpack_utils.c.o
[373/463] Building C object external/wavpack-build/CMakeFiles/wavpack.dir/src/write_words.c.o
[374/463] Building C object external/wavpack-build/CMakeFiles/wavpack.dir/src/pack_dsd.c.o
[375/463] Building ASM object external/wavpack-build/CMakeFiles/wavpack.dir/src/pack_x64.S.o
[376/463] Building ASM object external/wavpack-build/CMakeFiles/wavpack.dir/src/unpack_x64.S.o
[377/463] Linking C shared library external/opusfile-build/libopusfile.so.0.12
[378/463] Linking C shared library external/vorbis-build/lib/libvorbisfile.so.3.3.8
[379/463] Linking C shared library external/flac-build/src/libFLAC/libFLAC.so.8.3.0
[380/463] Linking CXX shared library external/libgme-build/gme/libgme.so.0.6.4
[381/463] Building C object external/wavpack-build/CMakeFiles/wavpack.dir/src/unpack_dsd.c.o
[382/463] Linking C shared library external/libxmp-build/libxmp.so.4.7.0
[383/463] Building C object external/libmpg123-build/ports/cmake/src/compat/CMakeFiles/compat.dir/__/__/__/__/src/compat/compat.c.o
[384/463] Building C object external/libmpg123-build/ports/cmake/src/compat/CMakeFiles/compat.dir/__/__/__/__/src/compat/compat_str.c.o
[385/463] Building C object external/libmpg123-build/ports/cmake/src/libmpg123/CMakeFiles/libmpg123.dir/__/__/__/__/src/libmpg123/frame.c.o
[386/463] Building C object external/libmpg123-build/ports/cmake/src/libmpg123/CMakeFiles/libmpg123.dir/__/__/__/__/src/libmpg123/parse.c.o
[387/463] Building C object external/libmpg123-build/ports/cmake/src/libmpg123/CMakeFiles/libmpg123.dir/__/__/__/__/src/libmpg123/dct64.c.o
[388/463] Building C object external/libmpg123-build/ports/cmake/src/libmpg123/CMakeFiles/libmpg123.dir/__/__/__/__/src/libmpg123/equalizer.c.o
[389/463] Building C object external/libmpg123-build/ports/cmake/src/libmpg123/CMakeFiles/libmpg123.dir/__/__/__/__/src/libmpg123/format.c.o
[390/463] Building C object external/libmpg123-build/ports/cmake/src/libmpg123/CMakeFiles/libmpg123.dir/__/__/__/__/src/libmpg123/optimize.c.o
[391/463] Building C object external/libmpg123-build/ports/cmake/src/libmpg123/CMakeFiles/libmpg123.dir/__/__/__/__/src/libmpg123/readers.c.o
[392/463] Building C object external/libmpg123-build/ports/cmake/src/libmpg123/CMakeFiles/libmpg123.dir/__/__/__/__/src/libmpg123/id3.c.o
[393/463] Building C object external/libmpg123-build/ports/cmake/src/libmpg123/CMakeFiles/libmpg123.dir/__/__/__/__/src/libmpg123/tabinit.c.o
[394/463] Building C object external/libmpg123-build/ports/cmake/src/libmpg123/CMakeFiles/libmpg123.dir/__/__/__/__/src/libmpg123/index.c.o
[395/463] Building C object external/libmpg123-build/ports/cmake/src/libmpg123/CMakeFiles/libmpg123.dir/__/__/__/__/src/libmpg123/icy.c.o
[396/463] Building C object external/libmpg123-build/ports/cmake/src/libmpg123/CMakeFiles/libmpg123.dir/__/__/__/__/src/libmpg123/icy2utf8.c.o
[397/463] Building C object external/libmpg123-build/ports/cmake/src/libmpg123/CMakeFiles/libmpg123.dir/__/__/__/__/src/libmpg123/libmpg123.c.o
[398/463] Building C object external/libmpg123-build/ports/cmake/src/libmpg123/CMakeFiles/libmpg123.dir/__/__/__/__/src/libmpg123/layer1.c.o
[399/463] Building C object external/libmpg123-build/ports/cmake/src/libmpg123/CMakeFiles/libmpg123.dir/__/__/__/__/src/libmpg123/layer2.c.o
[400/463] Building C object external/libmpg123-build/ports/cmake/src/libmpg123/CMakeFiles/libmpg123.dir/__/__/__/__/src/libmpg123/ntom.c.o
[401/463] Building C object external/libmpg123-build/ports/cmake/src/libmpg123/CMakeFiles/libmpg123.dir/__/__/__/__/src/libmpg123/synth_8bit.c.o
[402/463] Building C object external/libmpg123-build/ports/cmake/src/libmpg123/CMakeFiles/libmpg123.dir/__/__/__/__/src/libmpg123/synth.c.o
[403/463] Building C object external/libmpg123-build/ports/cmake/src/libmpg123/CMakeFiles/libmpg123.dir/__/__/__/__/src/libmpg123/layer3.c.o
[404/463] Building C object external/libmpg123-build/ports/cmake/src/libmpg123/CMakeFiles/libmpg123.dir/__/__/__/__/src/libmpg123/synth_s32.c.o
[405/463] Building C object external/libmpg123-build/ports/cmake/src/libmpg123/CMakeFiles/libmpg123.dir/__/__/__/__/src/libmpg123/stringbuf.c.o
[406/463] Building C object external/libmpg123-build/ports/cmake/src/libmpg123/CMakeFiles/libmpg123.dir/__/__/__/__/src/libmpg123/feature.c.o
[407/463] Building C object external/libmpg123-build/ports/cmake/src/libmpg123/CMakeFiles/libmpg123.dir/__/__/__/__/src/libmpg123/synth_real.c.o
[408/463] Building C object external/libmpg123-build/ports/cmake/src/libmpg123/CMakeFiles/libmpg123.dir/__/__/__/__/src/libmpg123/lfs_wrap.c.o
[409/463] Building ASM object external/libmpg123-build/ports/cmake/src/libmpg123/CMakeFiles/libmpg123.dir/__/__/__/__/src/libmpg123/dct36_x86_64.S.o
[410/463] Building ASM object external/libmpg123-build/ports/cmake/src/libmpg123/CMakeFiles/libmpg123.dir/__/__/__/__/src/libmpg123/dct64_x86_64_float.S.o
[411/463] Building ASM object external/libmpg123-build/ports/cmake/src/libmpg123/CMakeFiles/libmpg123.dir/__/__/__/__/src/libmpg123/synth_x86_64_float.S.o
[412/463] Building ASM object external/libmpg123-build/ports/cmake/src/libmpg123/CMakeFiles/libmpg123.dir/__/__/__/__/src/libmpg123/synth_x86_64_s32.S.o
[413/463] Building ASM object external/libmpg123-build/ports/cmake/src/libmpg123/CMakeFiles/libmpg123.dir/__/__/__/__/src/libmpg123/synth_stereo_x86_64_float.S.o
[414/463] Building ASM object external/libmpg123-build/ports/cmake/src/libmpg123/CMakeFiles/libmpg123.dir/__/__/__/__/src/libmpg123/synth_stereo_x86_64_s32.S.o
[415/463] Building ASM object external/libmpg123-build/ports/cmake/src/libmpg123/CMakeFiles/libmpg123.dir/__/__/__/__/src/libmpg123/dct36_avx.S.o
[416/463] Building ASM object external/libmpg123-build/ports/cmake/src/libmpg123/CMakeFiles/libmpg123.dir/__/__/__/__/src/libmpg123/dct64_avx_float.S.o
[417/463] Building ASM object external/libmpg123-build/ports/cmake/src/libmpg123/CMakeFiles/libmpg123.dir/__/__/__/__/src/libmpg123/synth_stereo_avx_float.S.o
[418/463] Building C object external/libmpg123-build/ports/cmake/src/libmpg123/CMakeFiles/libmpg123.dir/__/__/__/__/src/libmpg123/dither.c.o
[419/463] Building ASM object external/libmpg123-build/ports/cmake/src/libmpg123/CMakeFiles/libmpg123.dir/__/__/__/__/src/libmpg123/synth_stereo_avx_s32.S.o
[420/463] Building ASM object external/libmpg123-build/ports/cmake/src/libmpg123/CMakeFiles/libmpg123.dir/__/__/__/__/src/libmpg123/getcpuflags_x86_64.S.o
[421/463] Building ASM object external/libmpg123-build/ports/cmake/src/libmpg123/CMakeFiles/libmpg123.dir/__/__/__/__/src/libmpg123/synth_x86_64_accurate.S.o
[422/463] Building ASM object external/libmpg123-build/ports/cmake/src/libmpg123/CMakeFiles/libmpg123.dir/__/__/__/__/src/libmpg123/synth_stereo_x86_64_accurate.S.o
[423/463] Building ASM object external/libmpg123-build/ports/cmake/src/libmpg123/CMakeFiles/libmpg123.dir/__/__/__/__/src/libmpg123/synth_stereo_avx_accurate.S.o
[424/463] Linking C shared library external/wavpack-build/libwavpack.so.1.2.8
[425/463] Building C object CMakeFiles/SDL3_mixer-shared.dir/src/SDL_mixer_metadata_tags.c.o
[426/463] Building C object CMakeFiles/SDL3_mixer-shared.dir/src/SDL_mixer_spatialization.c.o
[427/463] Building C object CMakeFiles/SDL3_mixer-shared.dir/src/SDL_mixer.c.o
[428/463] Building C object CMakeFiles/SDL3_mixer-shared.dir/src/decoder_au.c.o
[429/463] Building C object CMakeFiles/SDL3_mixer-shared.dir/src/decoder_aiff.c.o
[430/463] Building C object CMakeFiles/SDL3_mixer-shared.dir/src/decoder_drmp3.c.o
[431/463] Building C object CMakeFiles/SDL3_mixer-shared.dir/src/decoder_flac.c.o
[432/463] Building C object CMakeFiles/SDL3_mixer-shared.dir/src/decoder_fluidsynth.c.o
[433/463] Building C object CMakeFiles/SDL3_mixer-shared.dir/src/decoder_gme.c.o
[434/463] Building C object CMakeFiles/SDL3_mixer-shared.dir/src/decoder_mpg123.c.o
[435/463] Building C object CMakeFiles/SDL3_mixer-shared.dir/src/decoder_drflac.c.o
[436/463] Building C object CMakeFiles/SDL3_mixer-shared.dir/src/decoder_opus.c.o
[437/463] Building C object CMakeFiles/SDL3_mixer-shared.dir/src/decoder_raw.c.o
[438/463] Building C object CMakeFiles/SDL3_mixer-shared.dir/src/decoder_sinewave.c.o
[439/463] Building C object CMakeFiles/SDL3_mixer-shared.dir/src/decoder_timidity.c.o
[440/463] Building C object CMakeFiles/SDL3_mixer-shared.dir/src/decoder_voc.c.o
[441/463] Building C object CMakeFiles/SDL3_mixer-shared.dir/src/decoder_vorbis.c.o
[442/463] Building C object CMakeFiles/SDL3_mixer-shared.dir/src/decoder_wav.c.o
[443/463] Building C object CMakeFiles/SDL3_mixer-shared.dir/src/decoder_stb_vorbis.c.o
[444/463] Building C object CMakeFiles/SDL3_mixer-shared.dir/src/decoder_wavpack.c.o
[445/463] Building C object CMakeFiles/SDL3_mixer-shared.dir/src/timidity/common.c.o
[446/463] Building C object CMakeFiles/SDL3_mixer-shared.dir/src/decoder_xmp.c.o
[447/463] Building C object CMakeFiles/SDL3_mixer-shared.dir/src/timidity/instrum.c.o
[448/463] Building C object CMakeFiles/SDL3_mixer-shared.dir/src/timidity/mix.c.o
[449/463] Building C object CMakeFiles/SDL3_mixer-shared.dir/src/timidity/output.c.o
[450/463] Building C object CMakeFiles/SDL3_mixer-shared.dir/src/timidity/readmidi.c.o
[451/463] Building C object CMakeFiles/SDL3_mixer-shared.dir/src/timidity/playmidi.c.o
[452/463] Building C object CMakeFiles/SDL3_mixer-shared.dir/src/timidity/tables.c.o
[453/463] Building C object CMakeFiles/SDL3_mixer-shared.dir/src/timidity/resample.c.o
[454/463] Creating library symlink external/opusfile-build/libopusfile.so.0 external/opusfile-build/libopusfile.so
[455/463] Creating library symlink external/vorbis-build/lib/libvorbisfile.so.3 external/vorbis-build/lib/libvorbisfile.so
[456/463] Creating library symlink external/flac-build/src/libFLAC/libFLAC.so.8 external/flac-build/src/libFLAC/libFLAC.so
[457/463] Creating library symlink external/libgme-build/gme/libgme.so.0 external/libgme-build/gme/libgme.so
[458/463] Creating library symlink external/libxmp-build/libxmp.so.4 external/libxmp-build/libxmp.so
[459/463] Linking C shared library external/libmpg123-build/ports/cmake/src/libmpg123/libmpg123.so
[460/463] Creating library symlink external/wavpack-build/libwavpack.so.1 external/wavpack-build/libwavpack.so
[461/463] Building C object CMakeFiles/SDL3_mixer-shared.dir/src/timidity/timidity.c.o
[462/463] Linking C shared library libSDL3_mixer.so.0.2.0
[463/463] Creating library symlink libSDL3_mixer.so.0 libSDL3_mixer.so
-- Install configuration: "Release"
-- Installing: /home/runner/work/MonsterWar/MonsterWar/prebuilt/linux/lib/libSDL3_mixer.so.0.2.0
-- Installing: /home/runner/work/MonsterWar/MonsterWar/prebuilt/linux/lib/libSDL3_mixer.so.0
-- Set non-toolchain portion of runtime path of "/home/runner/work/MonsterWar/MonsterWar/prebuilt/linux/lib/libSDL3_mixer.so.0.2.0" to ""
-- Installing: /home/runner/work/MonsterWar/MonsterWar/prebuilt/linux/lib/libSDL3_mixer.so
-- Installing: /home/runner/work/MonsterWar/MonsterWar/prebuilt/linux/include/SDL3_mixer/SDL_mixer.h
-- Installing: /home/runner/work/MonsterWar/MonsterWar/prebuilt/linux/lib/libogg.so.0.8.5
-- Installing: /home/runner/work/MonsterWar/MonsterWar/prebuilt/linux/lib/libogg.so.0
-- Installing: /home/runner/work/MonsterWar/MonsterWar/prebuilt/linux/lib/libogg.so
-- Installing: /home/runner/work/MonsterWar/MonsterWar/prebuilt/linux/lib/libopus.so.0.9.0
-- Installing: /home/runner/work/MonsterWar/MonsterWar/prebuilt/linux/lib/libopus.so.0
-- Installing: /home/runner/work/MonsterWar/MonsterWar/prebuilt/linux/lib/libopus.so
-- Installing: /home/runner/work/MonsterWar/MonsterWar/prebuilt/linux/lib/libopusfile.so.0.12
-- Installing: /home/runner/work/MonsterWar/MonsterWar/prebuilt/linux/lib/libopusfile.so.0
-- Set non-toolchain portion of runtime path of "/home/runner/work/MonsterWar/MonsterWar/prebuilt/linux/lib/libopusfile.so.0.12" to ""
-- Installing: /home/runner/work/MonsterWar/MonsterWar/prebuilt/linux/lib/libopusfile.so
-- Installing: /home/runner/work/MonsterWar/MonsterWar/prebuilt/linux/lib/libvorbis.so.0.4.9
-- Installing: /home/runner/work/MonsterWar/MonsterWar/prebuilt/linux/lib/libvorbis.so.0
-- Set non-toolchain portion of runtime path of "/home/runner/work/MonsterWar/MonsterWar/prebuilt/linux/lib/libvorbis.so.0.4.9" to ""
-- Installing: /home/runner/work/MonsterWar/MonsterWar/prebuilt/linux/lib/libvorbis.so
-- Installing: /home/runner/work/MonsterWar/MonsterWar/prebuilt/linux/lib/libvorbisfile.so.3.3.8
-- Installing: /home/runner/work/MonsterWar/MonsterWar/prebuilt/linux/lib/libvorbisfile.so.3
-- Set non-toolchain portion of runtime path of "/home/runner/work/MonsterWar/MonsterWar/prebuilt/linux/lib/libvorbisfile.so.3.3.8" to ""
-- Installing: /home/runner/work/MonsterWar/MonsterWar/prebuilt/linux/lib/libvorbisfile.so
-- Installing: /home/runner/work/MonsterWar/MonsterWar/prebuilt/linux/lib/libFLAC.so.8.3.0
-- Installing: /home/runner/work/MonsterWar/MonsterWar/prebuilt/linux/lib/libFLAC.so.8
-- Set non-toolchain portion of runtime path of "/home/runner/work/MonsterWar/MonsterWar/prebuilt/linux/lib/libFLAC.so.8.3.0" to ""
-- Installing: /home/runner/work/MonsterWar/MonsterWar/prebuilt/linux/lib/libFLAC.so
-- Installing: /home/runner/work/MonsterWar/MonsterWar/prebuilt/linux/lib/libgme.so.0.6.4
-- Installing: /home/runner/work/MonsterWar/MonsterWar/prebuilt/linux/lib/libgme.so.0
-- Installing: /home/runner/work/MonsterWar/MonsterWar/prebuilt/linux/lib/libgme.so
-- Installing: /home/runner/work/MonsterWar/MonsterWar/prebuilt/linux/lib/libxmp.so.4.7.0
-- Installing: /home/runner/work/MonsterWar/MonsterWar/prebuilt/linux/lib/libxmp.so.4
-- Installing: /home/runner/work/MonsterWar/MonsterWar/prebuilt/linux/lib/libxmp.so
-- Installing: /home/runner/work/MonsterWar/MonsterWar/prebuilt/linux/lib/libmpg123.so
-- Installing: /home/runner/work/MonsterWar/MonsterWar/prebuilt/linux/lib/libwavpack.so.1.2.8
-- Installing: /home/runner/work/MonsterWar/MonsterWar/prebuilt/linux/lib/libwavpack.so.1
-- Installing: /home/runner/work/MonsterWar/MonsterWar/prebuilt/linux/lib/libwavpack.so
-- Installing: /home/runner/work/MonsterWar/MonsterWar/prebuilt/linux/lib/cmake/SDL3_mixer/SDL3_mixerConfig.cmake
-- Installing: /home/runner/work/MonsterWar/MonsterWar/prebuilt/linux/lib/cmake/SDL3_mixer/SDL3_mixerConfigVersion.cmake
-- Installing: /home/runner/work/MonsterWar/MonsterWar/prebuilt/linux/lib/cmake/SDL3_mixer/SDL3_mixer-shared-targets.cmake
-- Installing: /home/runner/work/MonsterWar/MonsterWar/prebuilt/linux/lib/cmake/SDL3_mixer/SDL3_mixer-shared-targets-release.cmake
-- Installing: /home/runner/work/MonsterWar/MonsterWar/prebuilt/linux/lib/pkgconfig/sdl3-mixer.pc
-- Installing: /home/runner/work/MonsterWar/MonsterWar/prebuilt/linux/share/licenses/SDL3_mixer/LICENSE.txt
-- Installing: /home/runner/work/MonsterWar/MonsterWar/prebuilt/linux/share/licenses/SDL3_mixer/optional/LICENSE.ogg-vorbis.txt
-- Installing: /home/runner/work/MonsterWar/MonsterWar/prebuilt/linux/share/licenses/SDL3_mixer/optional/LICENSE.opus.txt
-- Installing: /home/runner/work/MonsterWar/MonsterWar/prebuilt/linux/share/licenses/SDL3_mixer/optional/LICENSE.opusfile.txt
-- Installing: /home/runner/work/MonsterWar/MonsterWar/prebuilt/linux/share/licenses/SDL3_mixer/optional/LICENSE.vorbis.txt
-- Installing: /home/runner/work/MonsterWar/MonsterWar/prebuilt/linux/share/licenses/SDL3_mixer/optional/LICENSE.flac.txt
-- Installing: /home/runner/work/MonsterWar/MonsterWar/prebuilt/linux/share/licenses/SDL3_mixer/optional/LICENSE.gme.txt
-- Installing: /home/runner/work/MonsterWar/MonsterWar/prebuilt/linux/share/licenses/SDL3_mixer/optional/LICENSE.xmp.txt
-- Installing: /home/runner/work/MonsterWar/MonsterWar/prebuilt/linux/share/licenses/SDL3_mixer/optional/LICENSE.mpg123.txt
-- Installing: /home/runner/work/MonsterWar/MonsterWar/prebuilt/linux/share/licenses/SDL3_mixer/optional/LICENSE.wavpack.txt
-- The C compiler identification is GNU 13.3.0
-- Detecting C compiler ABI info
-- Detecting C compiler ABI info - done
-- Check for working C compiler: /usr/bin/cc - skipped
-- Detecting C compile features
-- Detecting C compile features - done
-- Configuring SDL3_ttf 3.2.2
-- Detecting Target CPU Architecture
-- Detecting Target CPU Architecture - X64
-- Looking for __GLIBC__
-- Looking for __GLIBC__ - found
-- Performing Test HAVE_WL_NO_UNDEFINED
-- Performing Test HAVE_WL_NO_UNDEFINED - Success
-- Performing Test LINKER_SUPPORTS_VERSION_SCRIPT
-- Performing Test LINKER_SUPPORTS_VERSION_SCRIPT - Success
-- SDL3_ttf: Using vendored harfbuzz library
-- The CXX compiler identification is GNU 13.3.0
-- Detecting CXX compiler ABI info
-- Detecting CXX compiler ABI info - done
-- Check for working CXX compiler: /usr/bin/c++ - skipped
-- Detecting CXX compile features
-- Detecting CXX compile features - done
WARNHarfBuzz has a Meson port and tries to migrate all the other build systems to it, please consider using it as we might remove our cmake port soon.
-- Found Python3: /usr/bin/python3.12 (found version "3.12.3") found components: Interpreter
-- Looking for atexit
-- Looking for atexit - found
-- Looking for mprotect
-- Looking for mprotect - found
-- Looking for sysconf
-- Looking for sysconf - found
-- Looking for getpagesize
-- Looking for getpagesize - found
-- Looking for mmap
-- Looking for mmap - found
-- Looking for isatty
-- Looking for isatty - found
-- Looking for unistd.h
-- Looking for unistd.h - found
-- Looking for sys/mman.h
-- Looking for sys/mman.h - found
-- Looking for stdbool.h
-- Looking for stdbool.h - found
-- Performing Test CMAKE_HAVE_LIBC_PTHREAD
-- Performing Test CMAKE_HAVE_LIBC_PTHREAD - Success
-- Found Threads: TRUE
-- Performing Test CXX_SUPPORTS_FLAG_BSYMB_FUNCS
-- Performing Test CXX_SUPPORTS_FLAG_BSYMB_FUNCS - Success
-- Performing Test COMPILER_SUPPORTS_CXX11
-- Performing Test COMPILER_SUPPORTS_CXX11 - Success
-- SDL3_ttf: Using vendored freetype library
-- Found PkgConfig: /usr/bin/pkg-config (found version "1.8.1")
-- Looking for fcntl.h
-- Looking for fcntl.h - found
-- SDL3_ttf: Using vendored plutosvg library
-- Found OpenGL: /usr/lib/x86_64-linux-gnu/libOpenGL.so
-- SDL3_ttf backends:
-- - enabled:  harfbuzz freetype plutosvg
-- - disabled: 
-- Configuring done (2.0s)
-- Generating done (0.0s)
CMake Warning:
  Manually-specified variables were not used by the project:

    SDLTTF_EXAMPLES
    SDLTTF_TESTS


-- Build files have been written to: /home/runner/work/MonsterWar/MonsterWar/build-linux-prebuilt/obj/sdl_ttf
[1/76] Building C object external/freetype/CMakeFiles/freetype.dir/src/autofit/autofit.c.o
[2/76] Building C object external/freetype/CMakeFiles/freetype.dir/src/base/ftbbox.c.o
[3/76] Building C object external/freetype/CMakeFiles/freetype.dir/src/base/ftbdf.c.o
[4/76] Building C object external/freetype/CMakeFiles/freetype.dir/src/base/ftbase.c.o
[5/76] Building C object external/freetype/CMakeFiles/freetype.dir/src/base/ftcid.c.o
[6/76] Building C object external/freetype/CMakeFiles/freetype.dir/src/base/ftfstype.c.o
[7/76] Building C object external/freetype/CMakeFiles/freetype.dir/src/base/ftgasp.c.o
[8/76] Building C object external/freetype/CMakeFiles/freetype.dir/src/base/ftbitmap.c.o
[9/76] Building C object external/freetype/CMakeFiles/freetype.dir/src/base/ftgxval.c.o
[10/76] Building C object external/freetype/CMakeFiles/freetype.dir/src/base/ftinit.c.o
[11/76] Building C object external/freetype/CMakeFiles/freetype.dir/src/base/ftglyph.c.o
[12/76] Building C object external/freetype/CMakeFiles/freetype.dir/src/base/ftotval.c.o
[13/76] Building C object external/freetype/CMakeFiles/freetype.dir/src/base/ftpatent.c.o
[14/76] Building C object external/freetype/CMakeFiles/freetype.dir/src/base/ftmm.c.o
[15/76] Building C object external/freetype/CMakeFiles/freetype.dir/src/base/ftpfr.c.o
[16/76] Building C object external/freetype/CMakeFiles/freetype.dir/src/base/ftsynth.c.o
[17/76] Building C object external/freetype/CMakeFiles/freetype.dir/src/base/fttype1.c.o
[18/76] Building C object external/freetype/CMakeFiles/freetype.dir/src/base/ftwinfnt.c.o
[19/76] Building C object external/freetype/CMakeFiles/freetype.dir/src/base/ftstroke.c.o
[20/76] Building C object external/freetype/CMakeFiles/freetype.dir/src/bzip2/ftbzip2.c.o
[21/76] Building C object external/freetype/CMakeFiles/freetype.dir/src/bdf/bdf.c.o
[22/76] Building C object external/freetype/CMakeFiles/freetype.dir/src/cache/ftcache.c.o
[23/76] Building C object external/freetype/CMakeFiles/freetype.dir/src/cid/type1cid.c.o
[24/76] Building C object external/freetype/CMakeFiles/freetype.dir/src/cff/cff.c.o
[25/76] Building C object external/freetype/CMakeFiles/freetype.dir/src/lzw/ftlzw.c.o
[26/76] Building C object external/freetype/CMakeFiles/freetype.dir/src/gzip/ftgzip.c.o
[27/76] Building C object external/freetype/CMakeFiles/freetype.dir/src/pcf/pcf.c.o
[28/76] Building C object external/freetype/CMakeFiles/freetype.dir/src/pfr/pfr.c.o
[29/76] Building C object external/freetype/CMakeFiles/freetype.dir/src/pshinter/pshinter.c.o
[30/76] Building C object external/freetype/CMakeFiles/freetype.dir/src/psnames/psnames.c.o
[31/76] Building C object external/freetype/CMakeFiles/freetype.dir/src/raster/raster.c.o
[32/76] Building C object external/freetype/CMakeFiles/freetype.dir/src/psaux/psaux.c.o
[33/76] Building C object external/freetype/CMakeFiles/freetype.dir/src/sdf/sdf.c.o
[34/76] Building C object external/freetype/CMakeFiles/freetype.dir/src/smooth/smooth.c.o
[35/76] Building C object external/freetype/CMakeFiles/freetype.dir/src/svg/svg.c.o
[36/76] Building C object external/freetype/CMakeFiles/freetype.dir/src/sfnt/sfnt.c.o
[37/76] Building C object external/freetype/CMakeFiles/freetype.dir/src/truetype/truetype.c.o
[38/76] Building C object external/freetype/CMakeFiles/freetype.dir/src/type1/type1.c.o
[39/76] Building C object external/freetype/CMakeFiles/freetype.dir/src/winfonts/winfnt.c.o
[40/76] Building C object external/freetype/CMakeFiles/freetype.dir/builds/unix/ftsystem.c.o
[41/76] Building C object external/freetype/CMakeFiles/freetype.dir/src/type42/type42.c.o
[42/76] Building C object external/freetype/CMakeFiles/freetype.dir/src/base/ftdebug.c.o
[43/76] Linking CXX static library external/freetype/libfreetype.a
[44/76] Building C object external/plutovg/CMakeFiles/plutovg.dir/source/plutovg-blend.c.o
[45/76] Building C object external/plutovg/CMakeFiles/plutovg.dir/source/plutovg-canvas.c.o
[46/76] Building C object external/plutovg/CMakeFiles/plutovg.dir/source/plutovg-font.c.o
[47/76] Building C object external/plutovg/CMakeFiles/plutovg.dir/source/plutovg-matrix.c.o
[48/76] Building C object external/plutovg/CMakeFiles/plutovg.dir/source/plutovg-paint.c.o
[49/76] Building C object external/plutovg/CMakeFiles/plutovg.dir/source/plutovg-path.c.o
[50/76] Building C object external/plutovg/CMakeFiles/plutovg.dir/source/plutovg-rasterize.c.o
[51/76] Building C object external/plutovg/CMakeFiles/plutovg.dir/source/plutovg-surface.c.o
[52/76] Building C object external/plutovg/CMakeFiles/plutovg.dir/source/plutovg-ft-math.c.o
[53/76] Building C object external/plutovg/CMakeFiles/plutovg.dir/source/plutovg-ft-raster.c.o
[54/76] Building C object external/plutovg/CMakeFiles/plutovg.dir/source/plutovg-ft-stroker.c.o
[55/76] Linking C static library external/plutovg/libplutovg.a
[56/76] Building C object external/plutosvg/CMakeFiles/plutosvg.dir/source/plutosvg.c.o
[57/76] Building C object CMakeFiles/SDL3_ttf-shared.dir/src/SDL_hashtable.c.o
[58/76] Building C object CMakeFiles/SDL3_ttf-shared.dir/src/SDL_hashtable_ttf.c.o
[59/76] Building C object CMakeFiles/SDL3_ttf-shared.dir/src/SDL_gpu_textengine.c.o
[60/76] Building C object CMakeFiles/SDL3_ttf-shared.dir/src/SDL_renderer_textengine.c.o
[61/76] Building C object CMakeFiles/SDL3_ttf-shared.dir/src/SDL_surface_textengine.c.o
[62/76] Building C object CMakeFiles/SDL3_ttf-shared.dir/src/SDL_ttf.c.o
[63/76] Building C object CMakeFiles/glfont.dir/examples/glfont.c.o
[64/76] Building C object CMakeFiles/showfont.dir/examples/showfont.c.o
[65/76] Building C object CMakeFiles/showfont.dir/examples/editbox.c.o
[66/76] Building C object CMakeFiles/testapp.dir/examples/testapp.c.o
[67/76] Building C object CMakeFiles/testgputext.dir/examples/testgputext.c.o
[68/76] Building CXX object external/harfbuzz/CMakeFiles/harfbuzz.dir/src/harfbuzz.cc.o
[69/76] Linking C static library external/harfbuzz/libharfbuzz.a
[70/76] Linking CXX static library external/plutosvg/libplutosvg.a
[71/76] Linking CXX shared library libSDL3_ttf.so.0.2.2
[72/76] Creating library symlink libSDL3_ttf.so.0 libSDL3_ttf.so
[73/76] Linking C executable showfont
[74/76] Linking C executable glfont
[75/76] Linking C executable testapp
[76/76] Linking C executable testgputext
-- Install configuration: "Release"
-- Installing: /home/runner/work/MonsterWar/MonsterWar/prebuilt/linux/lib/libSDL3_ttf.so.0.2.2
-- Installing: /home/runner/work/MonsterWar/MonsterWar/prebuilt/linux/lib/libSDL3_ttf.so.0
-- Set non-toolchain portion of runtime path of "/home/runner/work/MonsterWar/MonsterWar/prebuilt/linux/lib/libSDL3_ttf.so.0.2.2" to ""
-- Installing: /home/runner/work/MonsterWar/MonsterWar/prebuilt/linux/lib/libSDL3_ttf.so
-- Installing: /home/runner/work/MonsterWar/MonsterWar/prebuilt/linux/include/SDL3_ttf/SDL_textengine.h
-- Installing: /home/runner/work/MonsterWar/MonsterWar/prebuilt/linux/include/SDL3_ttf/SDL_ttf.h
-- Installing: /home/runner/work/MonsterWar/MonsterWar/prebuilt/linux/lib/cmake/SDL3_ttf/SDL3_ttfConfig.cmake
-- Installing: /home/runner/work/MonsterWar/MonsterWar/prebuilt/linux/lib/cmake/SDL3_ttf/SDL3_ttfConfigVersion.cmake
-- Installing: /home/runner/work/MonsterWar/MonsterWar/prebuilt/linux/lib/cmake/SDL3_ttf/SDL3_ttf-shared-targets.cmake
-- Installing: /home/runner/work/MonsterWar/MonsterWar/prebuilt/linux/lib/cmake/SDL3_ttf/SDL3_ttf-shared-targets-release.cmake
-- Installing: /home/runner/work/MonsterWar/MonsterWar/prebuilt/linux/lib/pkgconfig/sdl3-ttf.pc
-- Installing: /home/runner/work/MonsterWar/MonsterWar/prebuilt/linux/share/licenses/SDL3_ttf/LICENSE.txt
CMake Deprecation Warning at CMakeLists.txt:1 (cmake_minimum_required):
  Compatibility with CMake < 3.10 will be removed from a future version of
  CMake.

  Update the VERSION argument <min> value.  Or, use the <min>...<max> syntax
  to tell CMake that the project requires at least <min> but has been updated
  to work with policies introduced by <max> or earlier.


CMake Deprecation Warning at CMakeLists.txt:2 (cmake_policy):
  Compatibility with CMake < 3.10 will be removed from a future version of
  CMake.

  Update the VERSION argument <min> value.  Or, use the <min>...<max> syntax
  to tell CMake that the project requires at least <min> but has been updated
  to work with policies introduced by <max> or earlier.


-- The CXX compiler identification is GNU 13.3.0
-- Detecting CXX compiler ABI info
-- Detecting CXX compiler ABI info - done
-- Check for working CXX compiler: /usr/bin/c++ - skipped
-- Detecting CXX compile features
-- Detecting CXX compile features - done
-- GLM: Version 1.0.1
-- GLM: Build with C++ features auto detection
-- Configuring done (0.2s)
-- Generating done (0.0s)
CMake Warning:
  Manually-specified variables were not used by the project:

    BUILD_TESTING


-- Build files have been written to: /home/runner/work/MonsterWar/MonsterWar/build-linux-prebuilt/obj/glm
[1/2] Building CXX object glm/CMakeFiles/glm.dir/detail/glm.cpp.o
[2/2] Linking CXX static library glm/libglm.a
-- Install configuration: "Release"
-- Installing: /home/runner/work/MonsterWar/MonsterWar/prebuilt/linux/lib/libglm.a
-- Installing: /home/runner/work/MonsterWar/MonsterWar/prebuilt/linux/include/glm
-- Installing: /home/runner/work/MonsterWar/MonsterWar/prebuilt/linux/include/glm/vec3.hpp
-- Installing: /home/runner/work/MonsterWar/MonsterWar/prebuilt/linux/include/glm/matrix.hpp
-- Installing: /home/runner/work/MonsterWar/MonsterWar/prebuilt/linux/include/glm/geometric.hpp
-- Installing: /home/runner/work/MonsterWar/MonsterWar/prebuilt/linux/include/glm/packing.hpp
-- Installing: /home/runner/work/MonsterWar/MonsterWar/prebuilt/linux/include/glm/mat2x2.hpp
-- Installing: /home/runner/work/MonsterWar/MonsterWar/prebuilt/linux/include/glm/mat4x4.hpp
-- Installing: /home/runner/work/MonsterWar/MonsterWar/prebuilt/linux/include/glm/gtc
-- Installing: /home/runner/work/MonsterWar/MonsterWar/prebuilt/linux/include/glm/gtc/packing.inl
-- Installing: /home/runner/work/MonsterWar/MonsterWar/prebuilt/linux/include/glm/gtc/constants.hpp
-- Installing: /home/runner/work/MonsterWar/MonsterWar/prebuilt/linux/include/glm/gtc/matrix_integer.hpp
-- Installing: /home/runner/work/MonsterWar/MonsterWar/prebuilt/linux/include/glm/gtc/packing.hpp
-- Installing: /home/runner/work/MonsterWar/MonsterWar/prebuilt/linux/include/glm/gtc/quaternion_simd.inl
-- Installing: /home/runner/work/MonsterWar/MonsterWar/prebuilt/linux/include/glm/gtc/constants.inl
-- Installing: /home/runner/work/MonsterWar/MonsterWar/prebuilt/linux/include/glm/gtc/matrix_transform.inl
-- Installing: /home/runner/work/MonsterWar/MonsterWar/prebuilt/linux/include/glm/gtc/matrix_inverse.inl
-- Installing: /home/runner/work/MonsterWar/MonsterWar/prebuilt/linux/include/glm/gtc/vec1.hpp
-- Installing: /home/runner/work/MonsterWar/MonsterWar/prebuilt/linux/include/glm/gtc/type_precision.inl
-- Installing: /home/runner/work/MonsterWar/MonsterWar/prebuilt/linux/include/glm/gtc/matrix_access.inl
-- Installing: /home/runner/work/MonsterWar/MonsterWar/prebuilt/linux/include/glm/gtc/matrix_inverse.hpp
-- Installing: /home/runner/work/MonsterWar/MonsterWar/prebuilt/linux/include/glm/gtc/matrix_transform.hpp
-- Installing: /home/runner/work/MonsterWar/MonsterWar/prebuilt/linux/include/glm/gtc/epsilon.hpp
-- Installing: /home/runner/work/MonsterWar/MonsterWar/prebuilt/linux/include/glm/gtc/type_aligned.hpp
-- Installing: /home/runner/work/MonsterWar/MonsterWar/prebuilt/linux/include/glm/gtc/bitfield.inl
-- Installing: /home/runner/work/MonsterWar/MonsterWar/prebuilt/linux/include/glm/gtc/round.hpp
-- Installing: /home/runner/work/MonsterWar/MonsterWar/prebuilt/linux/include/glm/gtc/reciprocal.hpp
-- Installing: /home/runner/work/MonsterWar/MonsterWar/prebuilt/linux/include/glm/gtc/round.inl
-- Installing: /home/runner/work/MonsterWar/MonsterWar/prebuilt/linux/include/glm/gtc/bitfield.hpp
-- Installing: /home/runner/work/MonsterWar/MonsterWar/prebuilt/linux/include/glm/gtc/matrix_access.hpp
-- Installing: /home/runner/work/MonsterWar/MonsterWar/prebuilt/linux/include/glm/gtc/type_ptr.hpp
-- Installing: /home/runner/work/MonsterWar/MonsterWar/prebuilt/linux/include/glm/gtc/integer.inl
-- Installing: /home/runner/work/MonsterWar/MonsterWar/prebuilt/linux/include/glm/gtc/type_ptr.inl
-- Installing: /home/runner/work/MonsterWar/MonsterWar/prebuilt/linux/include/glm/gtc/ulp.inl
-- Installing: /home/runner/work/MonsterWar/MonsterWar/prebuilt/linux/include/glm/gtc/epsilon.inl
-- Installing: /home/runner/work/MonsterWar/MonsterWar/prebuilt/linux/include/glm/gtc/type_precision.hpp
-- Installing: /home/runner/work/MonsterWar/MonsterWar/prebuilt/linux/include/glm/gtc/ulp.hpp
-- Installing: /home/runner/work/MonsterWar/MonsterWar/prebuilt/linux/include/glm/gtc/quaternion.inl
-- Installing: /home/runner/work/MonsterWar/MonsterWar/prebuilt/linux/include/glm/gtc/noise.inl
-- Installing: /home/runner/work/MonsterWar/MonsterWar/prebuilt/linux/include/glm/gtc/quaternion.hpp
-- Installing: /home/runner/work/MonsterWar/MonsterWar/prebuilt/linux/include/glm/gtc/random.inl
-- Installing: /home/runner/work/MonsterWar/MonsterWar/prebuilt/linux/include/glm/gtc/random.hpp
-- Installing: /home/runner/work/MonsterWar/MonsterWar/prebuilt/linux/include/glm/gtc/color_space.hpp
-- Installing: /home/runner/work/MonsterWar/MonsterWar/prebuilt/linux/include/glm/gtc/color_space.inl
-- Installing: /home/runner/work/MonsterWar/MonsterWar/prebuilt/linux/include/glm/gtc/integer.hpp
-- Installing: /home/runner/work/MonsterWar/MonsterWar/prebuilt/linux/include/glm/gtc/noise.hpp
-- Installing: /home/runner/work/MonsterWar/MonsterWar/prebuilt/linux/include/glm/mat4x3.hpp
-- Installing: /home/runner/work/MonsterWar/MonsterWar/prebuilt/linux/include/glm/vector_relational.hpp
-- Installing: /home/runner/work/MonsterWar/MonsterWar/prebuilt/linux/include/glm/mat3x2.hpp
-- Installing: /home/runner/work/MonsterWar/MonsterWar/prebuilt/linux/include/glm/fwd.hpp
-- Installing: /home/runner/work/MonsterWar/MonsterWar/prebuilt/linux/include/glm/exponential.hpp
-- Installing: /home/runner/work/MonsterWar/MonsterWar/prebuilt/linux/include/glm/ext
-- Installing: /home/runner/work/MonsterWar/MonsterWar/prebuilt/linux/include/glm/ext/vector_float2.hpp
-- Installing: /home/runner/work/MonsterWar/MonsterWar/prebuilt/linux/include/glm/ext/vector_common.inl
-- Installing: /home/runner/work/MonsterWar/MonsterWar/prebuilt/linux/include/glm/ext/vector_uint4.hpp
-- Installing: /home/runner/work/MonsterWar/MonsterWar/prebuilt/linux/include/glm/ext/matrix_uint3x4.hpp
-- Installing: /home/runner/work/MonsterWar/MonsterWar/prebuilt/linux/include/glm/ext/quaternion_float.hpp
-- Installing: /home/runner/work/MonsterWar/MonsterWar/prebuilt/linux/include/glm/ext/scalar_common.hpp
-- Installing: /home/runner/work/MonsterWar/MonsterWar/prebuilt/linux/include/glm/ext/vector_int2.hpp
-- Installing: /home/runner/work/MonsterWar/MonsterWar/prebuilt/linux/include/glm/ext/matrix_int3x4_sized.hpp
-- Installing: /home/runner/work/MonsterWar/MonsterWar/prebuilt/linux/include/glm/ext/matrix_uint2x3.hpp
-- Installing: /home/runner/work/MonsterWar/MonsterWar/prebuilt/linux/include/glm/ext/matrix_uint3x3_sized.hpp
-- Installing: /home/runner/work/MonsterWar/MonsterWar/prebuilt/linux/include/glm/ext/vector_ulp.inl
-- Installing: /home/runner/work/MonsterWar/MonsterWar/prebuilt/linux/include/glm/ext/vector_bool1_precision.hpp
-- Installing: /home/runner/work/MonsterWar/MonsterWar/prebuilt/linux/include/glm/ext/matrix_double2x2.hpp
-- Installing: /home/runner/work/MonsterWar/MonsterWar/prebuilt/linux/include/glm/ext/vector_relational.inl
-- Installing: /home/runner/work/MonsterWar/MonsterWar/prebuilt/linux/include/glm/ext/vector_common.hpp
-- Installing: /home/runner/work/MonsterWar/MonsterWar/prebuilt/linux/include/glm/ext/matrix_float4x3_precision.hpp
-- Installing: /home/runner/work/MonsterWar/MonsterWar/prebuilt/linux/include/glm/ext/matrix_float2x4.hpp
-- Installing: /home/runner/work/MonsterWar/MonsterWar/prebuilt/linux/include/glm/ext/vector_uint1.hpp
-- Installing: /home/runner/work/MonsterWar/MonsterWar/prebuilt/linux/include/glm/ext/scalar_relational.hpp
-- Installing: /home/runner/work/MonsterWar/MonsterWar/prebuilt/linux/include/glm/ext/matrix_integer.hpp
-- Installing: /home/runner/work/MonsterWar/MonsterWar/prebuilt/linux/include/glm/ext/matrix_float4x2.hpp
-- Installing: /home/runner/work/MonsterWar/MonsterWar/prebuilt/linux/include/glm/ext/matrix_int4x2_sized.hpp
-- Installing: /home/runner/work/MonsterWar/MonsterWar/prebuilt/linux/include/glm/ext/vector_uint3_sized.hpp
-- Installing: /home/runner/work/MonsterWar/MonsterWar/prebuilt/linux/include/glm/ext/matrix_relational.hpp
-- Installing: /home/runner/work/MonsterWar/MonsterWar/prebuilt/linux/include/glm/ext/matrix_uint4x3_sized.hpp
-- Installing: /home/runner/work/MonsterWar/MonsterWar/prebuilt/linux/include/glm/ext/matrix_uint4x4.hpp
-- Installing: /home/runner/work/MonsterWar/MonsterWar/prebuilt/linux/include/glm/ext/matrix_double2x2_precision.hpp
-- Installing: /home/runner/work/MonsterWar/MonsterWar/prebuilt/linux/include/glm/ext/matrix_common.hpp
-- Installing: /home/runner/work/MonsterWar/MonsterWar/prebuilt/linux/include/glm/ext/matrix_float2x3_precision.hpp
-- Installing: /home/runner/work/MonsterWar/MonsterWar/prebuilt/linux/include/glm/ext/vector_float3_precision.hpp
-- Installing: /home/runner/work/MonsterWar/MonsterWar/prebuilt/linux/include/glm/ext/vector_packing.inl
-- Installing: /home/runner/work/MonsterWar/MonsterWar/prebuilt/linux/include/glm/ext/quaternion_double.hpp
-- Installing: /home/runner/work/MonsterWar/MonsterWar/prebuilt/linux/include/glm/ext/vector_double4_precision.hpp
-- Installing: /home/runner/work/MonsterWar/MonsterWar/prebuilt/linux/include/glm/ext/matrix_common.inl
-- Installing: /home/runner/work/MonsterWar/MonsterWar/prebuilt/linux/include/glm/ext/vector_int2_sized.hpp
-- Installing: /home/runner/work/MonsterWar/MonsterWar/prebuilt/linux/include/glm/ext/vector_relational.hpp
-- Installing: /home/runner/work/MonsterWar/MonsterWar/prebuilt/linux/include/glm/ext/matrix_int4x4.hpp
-- Installing: /home/runner/work/MonsterWar/MonsterWar/prebuilt/linux/include/glm/ext/matrix_uint2x2_sized.hpp
-- Installing: /home/runner/work/MonsterWar/MonsterWar/prebuilt/linux/include/glm/ext/quaternion_geometric.inl
-- Installing: /home/runner/work/MonsterWar/MonsterWar/prebuilt/linux/include/glm/ext/scalar_integer.inl
-- Installing: /home/runner/work/MonsterWar/MonsterWar/prebuilt/linux/include/glm/ext/matrix_transform.inl
-- Installing: /home/runner/work/MonsterWar/MonsterWar/prebuilt/linux/include/glm/ext/matrix_int2x4.hpp
-- Installing: /home/runner/work/MonsterWar/MonsterWar/prebuilt/linux/include/glm/ext/matrix_int2x2.hpp
-- Installing: /home/runner/work/MonsterWar/MonsterWar/prebuilt/linux/include/glm/ext/matrix_uint4x4_sized.hpp
-- Installing: /home/runner/work/MonsterWar/MonsterWar/prebuilt/linux/include/glm/ext/matrix_double2x3.hpp
-- Installing: /home/runner/work/MonsterWar/MonsterWar/prebuilt/linux/include/glm/ext/matrix_integer.inl
-- Installing: /home/runner/work/MonsterWar/MonsterWar/prebuilt/linux/include/glm/ext/matrix_uint2x4.hpp
-- Installing: /home/runner/work/MonsterWar/MonsterWar/prebuilt/linux/include/glm/ext/vector_double3_precision.hpp
-- Installing: /home/runner/work/MonsterWar/MonsterWar/prebuilt/linux/include/glm/ext/matrix_float4x3.hpp
-- Installing: /home/runner/work/MonsterWar/MonsterWar/prebuilt/linux/include/glm/ext/matrix_uint2x4_sized.hpp
-- Installing: /home/runner/work/MonsterWar/MonsterWar/prebuilt/linux/include/glm/ext/scalar_constants.inl
-- Installing: /home/runner/work/MonsterWar/MonsterWar/prebuilt/linux/include/glm/ext/matrix_uint4x2.hpp
-- Installing: /home/runner/work/MonsterWar/MonsterWar/prebuilt/linux/include/glm/ext/scalar_constants.hpp
-- Installing: /home/runner/work/MonsterWar/MonsterWar/prebuilt/linux/include/glm/ext/quaternion_geometric.hpp
-- Installing: /home/runner/work/MonsterWar/MonsterWar/prebuilt/linux/include/glm/ext/quaternion_common_simd.inl
-- Installing: /home/runner/work/MonsterWar/MonsterWar/prebuilt/linux/include/glm/ext/matrix_int3x3.hpp
-- Installing: /home/runner/work/MonsterWar/MonsterWar/prebuilt/linux/include/glm/ext/matrix_uint2x2.hpp
-- Installing: /home/runner/work/MonsterWar/MonsterWar/prebuilt/linux/include/glm/ext/matrix_int2x2_sized.hpp
-- Installing: /home/runner/work/MonsterWar/MonsterWar/prebuilt/linux/include/glm/ext/matrix_double4x2_precision.hpp
-- Installing: /home/runner/work/MonsterWar/MonsterWar/prebuilt/linux/include/glm/ext/matrix_projection.inl
-- Installing: /home/runner/work/MonsterWar/MonsterWar/prebuilt/linux/include/glm/ext/vector_uint4_sized.hpp
-- Installing: /home/runner/work/MonsterWar/MonsterWar/prebuilt/linux/include/glm/ext/matrix_float3x2.hpp
-- Installing: /home/runner/work/MonsterWar/MonsterWar/prebuilt/linux/include/glm/ext/matrix_float3x3.hpp
-- Installing: /home/runner/work/MonsterWar/MonsterWar/prebuilt/linux/include/glm/ext/matrix_transform.hpp
-- Installing: /home/runner/work/MonsterWar/MonsterWar/prebuilt/linux/include/glm/ext/quaternion_transform.hpp
-- Installing: /home/runner/work/MonsterWar/MonsterWar/prebuilt/linux/include/glm/ext/vector_bool4_precision.hpp
-- Installing: /home/runner/work/MonsterWar/MonsterWar/prebuilt/linux/include/glm/ext/vector_bool4.hpp
-- Installing: /home/runner/work/MonsterWar/MonsterWar/prebuilt/linux/include/glm/ext/quaternion_exponential.hpp
-- Installing: /home/runner/work/MonsterWar/MonsterWar/prebuilt/linux/include/glm/ext/vector_float4_precision.hpp
-- Installing: /home/runner/work/MonsterWar/MonsterWar/prebuilt/linux/include/glm/ext/quaternion_relational.inl
-- Installing: /home/runner/work/MonsterWar/MonsterWar/prebuilt/linux/include/glm/ext/quaternion_common.inl
-- Installing: /home/runner/work/MonsterWar/MonsterWar/prebuilt/linux/include/glm/ext/matrix_int3x3_sized.hpp
-- Installing: /home/runner/work/MonsterWar/MonsterWar/prebuilt/linux/include/glm/ext/matrix_uint4x3.hpp
-- Installing: /home/runner/work/MonsterWar/MonsterWar/prebuilt/linux/include/glm/ext/matrix_uint3x3.hpp
-- Installing: /home/runner/work/MonsterWar/MonsterWar/prebuilt/linux/include/glm/ext/matrix_int4x2.hpp
-- Installing: /home/runner/work/MonsterWar/MonsterWar/prebuilt/linux/include/glm/ext/vector_int4.hpp
-- Installing: /home/runner/work/MonsterWar/MonsterWar/prebuilt/linux/include/glm/ext/vector_int4_sized.hpp
-- Installing: /home/runner/work/MonsterWar/MonsterWar/prebuilt/linux/include/glm/ext/vector_float1.hpp
-- Installing: /home/runner/work/MonsterWar/MonsterWar/prebuilt/linux/include/glm/ext/vector_double1.hpp
-- Installing: /home/runner/work/MonsterWar/MonsterWar/prebuilt/linux/include/glm/ext/matrix_double4x3_precision.hpp
-- Installing: /home/runner/work/MonsterWar/MonsterWar/prebuilt/linux/include/glm/ext/quaternion_relational.hpp
-- Installing: /home/runner/work/MonsterWar/MonsterWar/prebuilt/linux/include/glm/ext/matrix_double2x4.hpp
-- Installing: /home/runner/work/MonsterWar/MonsterWar/prebuilt/linux/include/glm/ext/vector_double4.hpp
-- Installing: /home/runner/work/MonsterWar/MonsterWar/prebuilt/linux/include/glm/ext/matrix_float2x4_precision.hpp
-- Installing: /home/runner/work/MonsterWar/MonsterWar/prebuilt/linux/include/glm/ext/scalar_relational.inl
-- Installing: /home/runner/work/MonsterWar/MonsterWar/prebuilt/linux/include/glm/ext/matrix_float4x2_precision.hpp
-- Installing: /home/runner/work/MonsterWar/MonsterWar/prebuilt/linux/include/glm/ext/_matrix_vectorize.hpp
-- Installing: /home/runner/work/MonsterWar/MonsterWar/prebuilt/linux/include/glm/ext/vector_integer.inl
-- Installing: /home/runner/work/MonsterWar/MonsterWar/prebuilt/linux/include/glm/ext/vector_reciprocal.hpp
-- Installing: /home/runner/work/MonsterWar/MonsterWar/prebuilt/linux/include/glm/ext/quaternion_exponential.inl
-- Installing: /home/runner/work/MonsterWar/MonsterWar/prebuilt/linux/include/glm/ext/vector_float2_precision.hpp
-- Installing: /home/runner/work/MonsterWar/MonsterWar/prebuilt/linux/include/glm/ext/vector_bool3_precision.hpp
-- Installing: /home/runner/work/MonsterWar/MonsterWar/prebuilt/linux/include/glm/ext/vector_double2_precision.hpp
-- Installing: /home/runner/work/MonsterWar/MonsterWar/prebuilt/linux/include/glm/ext/matrix_double3x3.hpp
-- Installing: /home/runner/work/MonsterWar/MonsterWar/prebuilt/linux/include/glm/ext/matrix_clip_space.hpp
-- Installing: /home/runner/work/MonsterWar/MonsterWar/prebuilt/linux/include/glm/ext/vector_int1_sized.hpp
-- Installing: /home/runner/work/MonsterWar/MonsterWar/prebuilt/linux/include/glm/ext/vector_uint3.hpp
-- Installing: /home/runner/work/MonsterWar/MonsterWar/prebuilt/linux/include/glm/ext/vector_bool3.hpp
-- Installing: /home/runner/work/MonsterWar/MonsterWar/prebuilt/linux/include/glm/ext/vector_bool2.hpp
-- Installing: /home/runner/work/MonsterWar/MonsterWar/prebuilt/linux/include/glm/ext/vector_double1_precision.hpp
-- Installing: /home/runner/work/MonsterWar/MonsterWar/prebuilt/linux/include/glm/ext/matrix_int3x2.hpp
-- Installing: /home/runner/work/MonsterWar/MonsterWar/prebuilt/linux/include/glm/ext/matrix_uint4x2_sized.hpp
-- Installing: /home/runner/work/MonsterWar/MonsterWar/prebuilt/linux/include/glm/ext/scalar_int_sized.hpp
-- Installing: /home/runner/work/MonsterWar/MonsterWar/prebuilt/linux/include/glm/ext/vector_packing.hpp
-- Installing: /home/runner/work/MonsterWar/MonsterWar/prebuilt/linux/include/glm/ext/vector_uint2_sized.hpp
-- Installing: /home/runner/work/MonsterWar/MonsterWar/prebuilt/linux/include/glm/ext/vector_integer.hpp
-- Installing: /home/runner/work/MonsterWar/MonsterWar/prebuilt/linux/include/glm/ext/matrix_int2x4_sized.hpp
-- Installing: /home/runner/work/MonsterWar/MonsterWar/prebuilt/linux/include/glm/ext/matrix_uint2x3_sized.hpp
-- Installing: /home/runner/work/MonsterWar/MonsterWar/prebuilt/linux/include/glm/ext/matrix_float3x4.hpp
-- Installing: /home/runner/work/MonsterWar/MonsterWar/prebuilt/linux/include/glm/ext/matrix_double4x4.hpp
-- Installing: /home/runner/work/MonsterWar/MonsterWar/prebuilt/linux/include/glm/ext/matrix_uint3x4_sized.hpp
-- Installing: /home/runner/work/MonsterWar/MonsterWar/prebuilt/linux/include/glm/ext/matrix_int3x2_sized.hpp
-- Installing: /home/runner/work/MonsterWar/MonsterWar/prebuilt/linux/include/glm/ext/matrix_double4x3.hpp
-- Installing: /home/runner/work/MonsterWar/MonsterWar/prebuilt/linux/include/glm/ext/quaternion_float_precision.hpp
-- Installing: /home/runner/work/MonsterWar/MonsterWar/prebuilt/linux/include/glm/ext/quaternion_trigonometric.inl
-- Installing: /home/runner/work/MonsterWar/MonsterWar/prebuilt/linux/include/glm/ext/matrix_double3x3_precision.hpp
-- Installing: /home/runner/work/MonsterWar/MonsterWar/prebuilt/linux/include/glm/ext/matrix_projection.hpp
-- Installing: /home/runner/work/MonsterWar/MonsterWar/prebuilt/linux/include/glm/ext/vector_uint1_sized.hpp
-- Installing: /home/runner/work/MonsterWar/MonsterWar/prebuilt/linux/include/glm/ext/matrix_double2x3_precision.hpp
-- Installing: /home/runner/work/MonsterWar/MonsterWar/prebuilt/linux/include/glm/ext/quaternion_double_precision.hpp
-- Installing: /home/runner/work/MonsterWar/MonsterWar/prebuilt/linux/include/glm/ext/vector_int3_sized.hpp
-- Installing: /home/runner/work/MonsterWar/MonsterWar/prebuilt/linux/include/glm/ext/vector_uint2.hpp
-- Installing: /home/runner/work/MonsterWar/MonsterWar/prebuilt/linux/include/glm/ext/vector_float3.hpp
-- Installing: /home/runner/work/MonsterWar/MonsterWar/prebuilt/linux/include/glm/ext/matrix_float3x3_precision.hpp
-- Installing: /home/runner/work/MonsterWar/MonsterWar/prebuilt/linux/include/glm/ext/matrix_relational.inl
-- Installing: /home/runner/work/MonsterWar/MonsterWar/prebuilt/linux/include/glm/ext/scalar_integer.hpp
-- Installing: /home/runner/work/MonsterWar/MonsterWar/prebuilt/linux/include/glm/ext/scalar_ulp.inl
-- Installing: /home/runner/work/MonsterWar/MonsterWar/prebuilt/linux/include/glm/ext/matrix_double3x4.hpp
-- Installing: /home/runner/work/MonsterWar/MonsterWar/prebuilt/linux/include/glm/ext/scalar_packing.inl
-- Installing: /home/runner/work/MonsterWar/MonsterWar/prebuilt/linux/include/glm/ext/vector_double3.hpp
-- Installing: /home/runner/work/MonsterWar/MonsterWar/prebuilt/linux/include/glm/ext/matrix_int2x3_sized.hpp
-- Installing: /home/runner/work/MonsterWar/MonsterWar/prebuilt/linux/include/glm/ext/matrix_float2x3.hpp
-- Installing: /home/runner/work/MonsterWar/MonsterWar/prebuilt/linux/include/glm/ext/scalar_uint_sized.hpp
-- Installing: /home/runner/work/MonsterWar/MonsterWar/prebuilt/linux/include/glm/ext/matrix_int4x3.hpp
-- Installing: /home/runner/work/MonsterWar/MonsterWar/prebuilt/linux/include/glm/ext/vector_float1_precision.hpp
-- Installing: /home/runner/work/MonsterWar/MonsterWar/prebuilt/linux/include/glm/ext/matrix_int2x3.hpp
-- Installing: /home/runner/work/MonsterWar/MonsterWar/prebuilt/linux/include/glm/ext/matrix_double4x2.hpp
-- Installing: /home/runner/work/MonsterWar/MonsterWar/prebuilt/linux/include/glm/ext/scalar_packing.hpp
-- Installing: /home/runner/work/MonsterWar/MonsterWar/prebuilt/linux/include/glm/ext/matrix_double3x4_precision.hpp
-- Installing: /home/runner/work/MonsterWar/MonsterWar/prebuilt/linux/include/glm/ext/matrix_float2x2_precision.hpp
-- Installing: /home/runner/work/MonsterWar/MonsterWar/prebuilt/linux/include/glm/ext/matrix_float3x2_precision.hpp
-- Installing: /home/runner/work/MonsterWar/MonsterWar/prebuilt/linux/include/glm/ext/vector_float4.hpp
-- Installing: /home/runner/work/MonsterWar/MonsterWar/prebuilt/linux/include/glm/ext/scalar_reciprocal.inl
-- Installing: /home/runner/work/MonsterWar/MonsterWar/prebuilt/linux/include/glm/ext/matrix_double4x4_precision.hpp
-- Installing: /home/runner/work/MonsterWar/MonsterWar/prebuilt/linux/include/glm/ext/vector_int1.hpp
-- Installing: /home/runner/work/MonsterWar/MonsterWar/prebuilt/linux/include/glm/ext/vector_reciprocal.inl
-- Installing: /home/runner/work/MonsterWar/MonsterWar/prebuilt/linux/include/glm/ext/matrix_clip_space.inl
-- Installing: /home/runner/work/MonsterWar/MonsterWar/prebuilt/linux/include/glm/ext/matrix_float4x4.hpp
-- Installing: /home/runner/work/MonsterWar/MonsterWar/prebuilt/linux/include/glm/ext/vector_double2.hpp
-- Installing: /home/runner/work/MonsterWar/MonsterWar/prebuilt/linux/include/glm/ext/matrix_double3x2_precision.hpp
-- Installing: /home/runner/work/MonsterWar/MonsterWar/prebuilt/linux/include/glm/ext/matrix_int4x3_sized.hpp
-- Installing: /home/runner/work/MonsterWar/MonsterWar/prebuilt/linux/include/glm/ext/quaternion_transform.inl
-- Installing: /home/runner/work/MonsterWar/MonsterWar/prebuilt/linux/include/glm/ext/vector_bool1.hpp
-- Installing: /home/runner/work/MonsterWar/MonsterWar/prebuilt/linux/include/glm/ext/vector_ulp.hpp
-- Installing: /home/runner/work/MonsterWar/MonsterWar/prebuilt/linux/include/glm/ext/matrix_int3x4.hpp
-- Installing: /home/runner/work/MonsterWar/MonsterWar/prebuilt/linux/include/glm/ext/matrix_uint3x2.hpp
-- Installing: /home/runner/work/MonsterWar/MonsterWar/prebuilt/linux/include/glm/ext/quaternion_common.hpp
-- Installing: /home/runner/work/MonsterWar/MonsterWar/prebuilt/linux/include/glm/ext/matrix_double2x4_precision.hpp
-- Installing: /home/runner/work/MonsterWar/MonsterWar/prebuilt/linux/include/glm/ext/matrix_float2x2.hpp
-- Installing: /home/runner/work/MonsterWar/MonsterWar/prebuilt/linux/include/glm/ext/scalar_reciprocal.hpp
-- Installing: /home/runner/work/MonsterWar/MonsterWar/prebuilt/linux/include/glm/ext/scalar_common.inl
-- Installing: /home/runner/work/MonsterWar/MonsterWar/prebuilt/linux/include/glm/ext/matrix_uint3x2_sized.hpp
-- Installing: /home/runner/work/MonsterWar/MonsterWar/prebuilt/linux/include/glm/ext/matrix_float3x4_precision.hpp
-- Installing: /home/runner/work/MonsterWar/MonsterWar/prebuilt/linux/include/glm/ext/quaternion_trigonometric.hpp
-- Installing: /home/runner/work/MonsterWar/MonsterWar/prebuilt/linux/include/glm/ext/scalar_ulp.hpp
-- Installing: /home/runner/work/MonsterWar/MonsterWar/prebuilt/linux/include/glm/ext/vector_int3.hpp
-- Installing: /home/runner/work/MonsterWar/MonsterWar/prebuilt/linux/include/glm/ext/vector_bool2_precision.hpp
-- Installing: /home/runner/work/MonsterWar/MonsterWar/prebuilt/linux/include/glm/ext/matrix_double3x2.hpp
-- Installing: /home/runner/work/MonsterWar/MonsterWar/prebuilt/linux/include/glm/ext/matrix_float4x4_precision.hpp
-- Installing: /home/runner/work/MonsterWar/MonsterWar/prebuilt/linux/include/glm/ext/matrix_int4x4_sized.hpp
-- Installing: /home/runner/work/MonsterWar/MonsterWar/prebuilt/linux/include/glm/glm.hpp
-- Installing: /home/runner/work/MonsterWar/MonsterWar/prebuilt/linux/include/glm/glm.cppm
-- Installing: /home/runner/work/MonsterWar/MonsterWar/prebuilt/linux/include/glm/mat4x2.hpp
-- Installing: /home/runner/work/MonsterWar/MonsterWar/prebuilt/linux/include/glm/detail
-- Installing: /home/runner/work/MonsterWar/MonsterWar/prebuilt/linux/include/glm/detail/func_integer_simd.inl
-- Installing: /home/runner/work/MonsterWar/MonsterWar/prebuilt/linux/include/glm/detail/func_common.inl
-- Installing: /home/runner/work/MonsterWar/MonsterWar/prebuilt/linux/include/glm/detail/type_float.hpp
-- Installing: /home/runner/work/MonsterWar/MonsterWar/prebuilt/linux/include/glm/detail/func_packing.inl
-- Installing: /home/runner/work/MonsterWar/MonsterWar/prebuilt/linux/include/glm/detail/type_vec4.hpp
-- Installing: /home/runner/work/MonsterWar/MonsterWar/prebuilt/linux/include/glm/detail/type_mat4x4_simd.inl
-- Installing: /home/runner/work/MonsterWar/MonsterWar/prebuilt/linux/include/glm/detail/compute_vector_relational.hpp
-- Installing: /home/runner/work/MonsterWar/MonsterWar/prebuilt/linux/include/glm/detail/type_mat2x2.inl
-- Installing: /home/runner/work/MonsterWar/MonsterWar/prebuilt/linux/include/glm/detail/func_exponential_simd.inl
-- Installing: /home/runner/work/MonsterWar/MonsterWar/prebuilt/linux/include/glm/detail/setup.hpp
-- Installing: /home/runner/work/MonsterWar/MonsterWar/prebuilt/linux/include/glm/detail/_fixes.hpp
-- Installing: /home/runner/work/MonsterWar/MonsterWar/prebuilt/linux/include/glm/detail/type_vec4.inl
-- Installing: /home/runner/work/MonsterWar/MonsterWar/prebuilt/linux/include/glm/detail/func_packing_simd.inl
-- Installing: /home/runner/work/MonsterWar/MonsterWar/prebuilt/linux/include/glm/detail/compute_common.hpp
-- Installing: /home/runner/work/MonsterWar/MonsterWar/prebuilt/linux/include/glm/detail/type_mat3x2.hpp
-- Installing: /home/runner/work/MonsterWar/MonsterWar/prebuilt/linux/include/glm/detail/type_vec2.hpp
-- Installing: /home/runner/work/MonsterWar/MonsterWar/prebuilt/linux/include/glm/detail/type_mat3x3.hpp
-- Installing: /home/runner/work/MonsterWar/MonsterWar/prebuilt/linux/include/glm/detail/type_vec3.inl
-- Installing: /home/runner/work/MonsterWar/MonsterWar/prebuilt/linux/include/glm/detail/func_exponential.inl
-- Installing: /home/runner/work/MonsterWar/MonsterWar/prebuilt/linux/include/glm/detail/_features.hpp
-- Installing: /home/runner/work/MonsterWar/MonsterWar/prebuilt/linux/include/glm/detail/type_quat.inl
-- Installing: /home/runner/work/MonsterWar/MonsterWar/prebuilt/linux/include/glm/detail/type_vec1.inl
-- Installing: /home/runner/work/MonsterWar/MonsterWar/prebuilt/linux/include/glm/detail/func_vector_relational.inl
-- Installing: /home/runner/work/MonsterWar/MonsterWar/prebuilt/linux/include/glm/detail/type_mat4x4.inl
-- Installing: /home/runner/work/MonsterWar/MonsterWar/prebuilt/linux/include/glm/detail/func_integer.inl
-- Installing: /home/runner/work/MonsterWar/MonsterWar/prebuilt/linux/include/glm/detail/type_mat2x4.inl
-- Installing: /home/runner/work/MonsterWar/MonsterWar/prebuilt/linux/include/glm/detail/type_vec4_simd.inl
-- Installing: /home/runner/work/MonsterWar/MonsterWar/prebuilt/linux/include/glm/detail/type_half.hpp
-- Installing: /home/runner/work/MonsterWar/MonsterWar/prebuilt/linux/include/glm/detail/_vectorize.hpp
-- Installing: /home/runner/work/MonsterWar/MonsterWar/prebuilt/linux/include/glm/detail/type_mat4x3.inl
-- Installing: /home/runner/work/MonsterWar/MonsterWar/prebuilt/linux/include/glm/detail/type_mat3x3.inl
-- Installing: /home/runner/work/MonsterWar/MonsterWar/prebuilt/linux/include/glm/detail/type_mat3x2.inl
-- Installing: /home/runner/work/MonsterWar/MonsterWar/prebuilt/linux/include/glm/detail/type_quat_simd.inl
-- Installing: /home/runner/work/MonsterWar/MonsterWar/prebuilt/linux/include/glm/detail/func_geometric_simd.inl
-- Installing: /home/runner/work/MonsterWar/MonsterWar/prebuilt/linux/include/glm/detail/_noise.hpp
-- Installing: /home/runner/work/MonsterWar/MonsterWar/prebuilt/linux/include/glm/detail/func_geometric.inl
-- Installing: /home/runner/work/MonsterWar/MonsterWar/prebuilt/linux/include/glm/detail/type_mat4x3.hpp
-- Installing: /home/runner/work/MonsterWar/MonsterWar/prebuilt/linux/include/glm/detail/type_mat3x4.hpp
-- Installing: /home/runner/work/MonsterWar/MonsterWar/prebuilt/linux/include/glm/detail/glm.cpp
-- Installing: /home/runner/work/MonsterWar/MonsterWar/prebuilt/linux/include/glm/detail/type_vec3.hpp
-- Installing: /home/runner/work/MonsterWar/MonsterWar/prebuilt/linux/include/glm/detail/type_mat2x2.hpp
-- Installing: /home/runner/work/MonsterWar/MonsterWar/prebuilt/linux/include/glm/detail/type_vec1.hpp
-- Installing: /home/runner/work/MonsterWar/MonsterWar/prebuilt/linux/include/glm/detail/type_mat4x2.hpp
-- Installing: /home/runner/work/MonsterWar/MonsterWar/prebuilt/linux/include/glm/detail/type_mat4x2.inl
-- Installing: /home/runner/work/MonsterWar/MonsterWar/prebuilt/linux/include/glm/detail/func_vector_relational_simd.inl
-- Installing: /home/runner/work/MonsterWar/MonsterWar/prebuilt/linux/include/glm/detail/func_matrix_simd.inl
-- Installing: /home/runner/work/MonsterWar/MonsterWar/prebuilt/linux/include/glm/detail/type_quat.hpp
-- Installing: /home/runner/work/MonsterWar/MonsterWar/prebuilt/linux/include/glm/detail/type_mat3x4.inl
-- Installing: /home/runner/work/MonsterWar/MonsterWar/prebuilt/linux/include/glm/detail/type_mat2x3.inl
-- Installing: /home/runner/work/MonsterWar/MonsterWar/prebuilt/linux/include/glm/detail/func_matrix.inl
-- Installing: /home/runner/work/MonsterWar/MonsterWar/prebuilt/linux/include/glm/detail/_swizzle.hpp
-- Installing: /home/runner/work/MonsterWar/MonsterWar/prebuilt/linux/include/glm/detail/_swizzle_func.hpp
-- Installing: /home/runner/work/MonsterWar/MonsterWar/prebuilt/linux/include/glm/detail/type_mat2x4.hpp
-- Installing: /home/runner/work/MonsterWar/MonsterWar/prebuilt/linux/include/glm/detail/func_trigonometric_simd.inl
-- Installing: /home/runner/work/MonsterWar/MonsterWar/prebuilt/linux/include/glm/detail/type_half.inl
-- Installing: /home/runner/work/MonsterWar/MonsterWar/prebuilt/linux/include/glm/detail/func_common_simd.inl
-- Installing: /home/runner/work/MonsterWar/MonsterWar/prebuilt/linux/include/glm/detail/qualifier.hpp
-- Installing: /home/runner/work/MonsterWar/MonsterWar/prebuilt/linux/include/glm/detail/type_vec2.inl
-- Installing: /home/runner/work/MonsterWar/MonsterWar/prebuilt/linux/include/glm/detail/func_trigonometric.inl
-- Installing: /home/runner/work/MonsterWar/MonsterWar/prebuilt/linux/include/glm/detail/type_mat2x3.hpp
-- Installing: /home/runner/work/MonsterWar/MonsterWar/prebuilt/linux/include/glm/detail/compute_vector_decl.hpp
-- Installing: /home/runner/work/MonsterWar/MonsterWar/prebuilt/linux/include/glm/detail/type_mat4x4.hpp
-- Installing: /home/runner/work/MonsterWar/MonsterWar/prebuilt/linux/include/glm/vec2.hpp
-- Installing: /home/runner/work/MonsterWar/MonsterWar/prebuilt/linux/include/glm/mat3x4.hpp
-- Installing: /home/runner/work/MonsterWar/MonsterWar/prebuilt/linux/include/glm/mat2x4.hpp
-- Installing: /home/runner/work/MonsterWar/MonsterWar/prebuilt/linux/include/glm/trigonometric.hpp
-- Installing: /home/runner/work/MonsterWar/MonsterWar/prebuilt/linux/include/glm/mat2x3.hpp
-- Installing: /home/runner/work/MonsterWar/MonsterWar/prebuilt/linux/include/glm/ext.hpp
-- Installing: /home/runner/work/MonsterWar/MonsterWar/prebuilt/linux/include/glm/mat3x3.hpp
-- Installing: /home/runner/work/MonsterWar/MonsterWar/prebuilt/linux/include/glm/vec4.hpp
-- Installing: /home/runner/work/MonsterWar/MonsterWar/prebuilt/linux/include/glm/common.hpp
-- Installing: /home/runner/work/MonsterWar/MonsterWar/prebuilt/linux/include/glm/gtx
-- Installing: /home/runner/work/MonsterWar/MonsterWar/prebuilt/linux/include/glm/gtx/optimum_pow.hpp
-- Installing: /home/runner/work/MonsterWar/MonsterWar/prebuilt/linux/include/glm/gtx/common.inl
-- Installing: /home/runner/work/MonsterWar/MonsterWar/prebuilt/linux/include/glm/gtx/string_cast.hpp
-- Installing: /home/runner/work/MonsterWar/MonsterWar/prebuilt/linux/include/glm/gtx/normal.inl
-- Installing: /home/runner/work/MonsterWar/MonsterWar/prebuilt/linux/include/glm/gtx/fast_exponential.inl
-- Installing: /home/runner/work/MonsterWar/MonsterWar/prebuilt/linux/include/glm/gtx/easing.hpp
-- Installing: /home/runner/work/MonsterWar/MonsterWar/prebuilt/linux/include/glm/gtx/wrap.inl
-- Installing: /home/runner/work/MonsterWar/MonsterWar/prebuilt/linux/include/glm/gtx/type_trait.inl
-- Installing: /home/runner/work/MonsterWar/MonsterWar/prebuilt/linux/include/glm/gtx/pca.hpp
-- Installing: /home/runner/work/MonsterWar/MonsterWar/prebuilt/linux/include/glm/gtx/dual_quaternion.inl
-- Installing: /home/runner/work/MonsterWar/MonsterWar/prebuilt/linux/include/glm/gtx/matrix_factorisation.inl
-- Installing: /home/runner/work/MonsterWar/MonsterWar/prebuilt/linux/include/glm/gtx/scalar_relational.hpp
-- Installing: /home/runner/work/MonsterWar/MonsterWar/prebuilt/linux/include/glm/gtx/closest_point.hpp
-- Installing: /home/runner/work/MonsterWar/MonsterWar/prebuilt/linux/include/glm/gtx/mixed_product.inl
-- Installing: /home/runner/work/MonsterWar/MonsterWar/prebuilt/linux/include/glm/gtx/projection.inl
-- Installing: /home/runner/work/MonsterWar/MonsterWar/prebuilt/linux/include/glm/gtx/normal.hpp
-- Installing: /home/runner/work/MonsterWar/MonsterWar/prebuilt/linux/include/glm/gtx/type_trait.hpp
-- Installing: /home/runner/work/MonsterWar/MonsterWar/prebuilt/linux/include/glm/gtx/raw_data.hpp
-- Installing: /home/runner/work/MonsterWar/MonsterWar/prebuilt/linux/include/glm/gtx/vector_angle.hpp
-- Installing: /home/runner/work/MonsterWar/MonsterWar/prebuilt/linux/include/glm/gtx/matrix_decompose.inl
-- Installing: /home/runner/work/MonsterWar/MonsterWar/prebuilt/linux/include/glm/gtx/matrix_major_storage.hpp
-- Installing: /home/runner/work/MonsterWar/MonsterWar/prebuilt/linux/include/glm/gtx/matrix_major_storage.inl
-- Installing: /home/runner/work/MonsterWar/MonsterWar/prebuilt/linux/include/glm/gtx/matrix_operation.inl
-- Installing: /home/runner/work/MonsterWar/MonsterWar/prebuilt/linux/include/glm/gtx/vec_swizzle.hpp
-- Installing: /home/runner/work/MonsterWar/MonsterWar/prebuilt/linux/include/glm/gtx/matrix_decompose.hpp
-- Installing: /home/runner/work/MonsterWar/MonsterWar/prebuilt/linux/include/glm/gtx/transform2.inl
-- Installing: /home/runner/work/MonsterWar/MonsterWar/prebuilt/linux/include/glm/gtx/std_based_type.hpp
-- Installing: /home/runner/work/MonsterWar/MonsterWar/prebuilt/linux/include/glm/gtx/extend.hpp
-- Installing: /home/runner/work/MonsterWar/MonsterWar/prebuilt/linux/include/glm/gtx/perpendicular.inl
-- Installing: /home/runner/work/MonsterWar/MonsterWar/prebuilt/linux/include/glm/gtx/log_base.inl
-- Installing: /home/runner/work/MonsterWar/MonsterWar/prebuilt/linux/include/glm/gtx/matrix_transform_2d.hpp
-- Installing: /home/runner/work/MonsterWar/MonsterWar/prebuilt/linux/include/glm/gtx/raw_data.inl
-- Installing: /home/runner/work/MonsterWar/MonsterWar/prebuilt/linux/include/glm/gtx/rotate_vector.inl
-- Installing: /home/runner/work/MonsterWar/MonsterWar/prebuilt/linux/include/glm/gtx/matrix_interpolation.hpp
-- Installing: /home/runner/work/MonsterWar/MonsterWar/prebuilt/linux/include/glm/gtx/gradient_paint.inl
-- Installing: /home/runner/work/MonsterWar/MonsterWar/prebuilt/linux/include/glm/gtx/intersect.inl
-- Installing: /home/runner/work/MonsterWar/MonsterWar/prebuilt/linux/include/glm/gtx/component_wise.inl
-- Installing: /home/runner/work/MonsterWar/MonsterWar/prebuilt/linux/include/glm/gtx/wrap.hpp
-- Installing: /home/runner/work/MonsterWar/MonsterWar/prebuilt/linux/include/glm/gtx/color_space_YCoCg.inl
-- Installing: /home/runner/work/MonsterWar/MonsterWar/prebuilt/linux/include/glm/gtx/matrix_factorisation.hpp
-- Installing: /home/runner/work/MonsterWar/MonsterWar/prebuilt/linux/include/glm/gtx/io.inl
-- Installing: /home/runner/work/MonsterWar/MonsterWar/prebuilt/linux/include/glm/gtx/hash.hpp
-- Installing: /home/runner/work/MonsterWar/MonsterWar/prebuilt/linux/include/glm/gtx/closest_point.inl
-- Installing: /home/runner/work/MonsterWar/MonsterWar/prebuilt/linux/include/glm/gtx/orthonormalize.inl
-- Installing: /home/runner/work/MonsterWar/MonsterWar/prebuilt/linux/include/glm/gtx/float_notmalize.inl
-- Installing: /home/runner/work/MonsterWar/MonsterWar/prebuilt/linux/include/glm/gtx/associated_min_max.inl
-- Installing: /home/runner/work/MonsterWar/MonsterWar/prebuilt/linux/include/glm/gtx/normalize_dot.hpp
-- Installing: /home/runner/work/MonsterWar/MonsterWar/prebuilt/linux/include/glm/gtx/spline.inl
-- Installing: /home/runner/work/MonsterWar/MonsterWar/prebuilt/linux/include/glm/gtx/fast_trigonometry.hpp
-- Installing: /home/runner/work/MonsterWar/MonsterWar/prebuilt/linux/include/glm/gtx/norm.hpp
-- Installing: /home/runner/work/MonsterWar/MonsterWar/prebuilt/linux/include/glm/gtx/number_precision.hpp
-- Installing: /home/runner/work/MonsterWar/MonsterWar/prebuilt/linux/include/glm/gtx/type_aligned.inl
-- Installing: /home/runner/work/MonsterWar/MonsterWar/prebuilt/linux/include/glm/gtx/bit.inl
-- Installing: /home/runner/work/MonsterWar/MonsterWar/prebuilt/linux/include/glm/gtx/pca.inl
-- Installing: /home/runner/work/MonsterWar/MonsterWar/prebuilt/linux/include/glm/gtx/handed_coordinate_space.inl
-- Installing: /home/runner/work/MonsterWar/MonsterWar/prebuilt/linux/include/glm/gtx/rotate_normalized_axis.hpp
-- Installing: /home/runner/work/MonsterWar/MonsterWar/prebuilt/linux/include/glm/gtx/functions.hpp
-- Installing: /home/runner/work/MonsterWar/MonsterWar/prebuilt/linux/include/glm/gtx/type_aligned.hpp
-- Installing: /home/runner/work/MonsterWar/MonsterWar/prebuilt/linux/include/glm/gtx/vector_query.hpp
-- Installing: /home/runner/work/MonsterWar/MonsterWar/prebuilt/linux/include/glm/gtx/associated_min_max.hpp
-- Installing: /home/runner/work/MonsterWar/MonsterWar/prebuilt/linux/include/glm/gtx/extended_min_max.inl
-- Installing: /home/runner/work/MonsterWar/MonsterWar/prebuilt/linux/include/glm/gtx/hash.inl
-- Installing: /home/runner/work/MonsterWar/MonsterWar/prebuilt/linux/include/glm/gtx/spline.hpp
-- Installing: /home/runner/work/MonsterWar/MonsterWar/prebuilt/linux/include/glm/gtx/euler_angles.hpp
-- Installing: /home/runner/work/MonsterWar/MonsterWar/prebuilt/linux/include/glm/gtx/scalar_relational.inl
-- Installing: /home/runner/work/MonsterWar/MonsterWar/prebuilt/linux/include/glm/gtx/transform2.hpp
-- Installing: /home/runner/work/MonsterWar/MonsterWar/prebuilt/linux/include/glm/gtx/polar_coordinates.inl
-- Installing: /home/runner/work/MonsterWar/MonsterWar/prebuilt/linux/include/glm/gtx/normalize_dot.inl
-- Installing: /home/runner/work/MonsterWar/MonsterWar/prebuilt/linux/include/glm/gtx/vector_angle.inl
-- Installing: /home/runner/work/MonsterWar/MonsterWar/prebuilt/linux/include/glm/gtx/easing.inl
-- Installing: /home/runner/work/MonsterWar/MonsterWar/prebuilt/linux/include/glm/gtx/fast_trigonometry.inl
-- Installing: /home/runner/work/MonsterWar/MonsterWar/prebuilt/linux/include/glm/gtx/texture.inl
-- Installing: /home/runner/work/MonsterWar/MonsterWar/prebuilt/linux/include/glm/gtx/polar_coordinates.hpp
-- Installing: /home/runner/work/MonsterWar/MonsterWar/prebuilt/linux/include/glm/gtx/texture.hpp
-- Installing: /home/runner/work/MonsterWar/MonsterWar/prebuilt/linux/include/glm/gtx/io.hpp
-- Installing: /home/runner/work/MonsterWar/MonsterWar/prebuilt/linux/include/glm/gtx/extended_min_max.hpp
-- Installing: /home/runner/work/MonsterWar/MonsterWar/prebuilt/linux/include/glm/gtx/matrix_interpolation.inl
-- Installing: /home/runner/work/MonsterWar/MonsterWar/prebuilt/linux/include/glm/gtx/integer.inl
-- Installing: /home/runner/work/MonsterWar/MonsterWar/prebuilt/linux/include/glm/gtx/dual_quaternion.hpp
-- Installing: /home/runner/work/MonsterWar/MonsterWar/prebuilt/linux/include/glm/gtx/rotate_normalized_axis.inl
-- Installing: /home/runner/work/MonsterWar/MonsterWar/prebuilt/linux/include/glm/gtx/color_encoding.inl
-- Installing: /home/runner/work/MonsterWar/MonsterWar/prebuilt/linux/include/glm/gtx/fast_square_root.inl
-- Installing: /home/runner/work/MonsterWar/MonsterWar/prebuilt/linux/include/glm/gtx/projection.hpp
-- Installing: /home/runner/work/MonsterWar/MonsterWar/prebuilt/linux/include/glm/gtx/transform.inl
-- Installing: /home/runner/work/MonsterWar/MonsterWar/prebuilt/linux/include/glm/gtx/matrix_transform_2d.inl
-- Installing: /home/runner/work/MonsterWar/MonsterWar/prebuilt/linux/include/glm/gtx/rotate_vector.hpp
-- Installing: /home/runner/work/MonsterWar/MonsterWar/prebuilt/linux/include/glm/gtx/compatibility.inl
-- Installing: /home/runner/work/MonsterWar/MonsterWar/prebuilt/linux/include/glm/gtx/vector_query.inl
-- Installing: /home/runner/work/MonsterWar/MonsterWar/prebuilt/linux/include/glm/gtx/bit.hpp
-- Installing: /home/runner/work/MonsterWar/MonsterWar/prebuilt/linux/include/glm/gtx/matrix_cross_product.hpp
-- Installing: /home/runner/work/MonsterWar/MonsterWar/prebuilt/linux/include/glm/gtx/component_wise.hpp
-- Installing: /home/runner/work/MonsterWar/MonsterWar/prebuilt/linux/include/glm/gtx/handed_coordinate_space.hpp
-- Installing: /home/runner/work/MonsterWar/MonsterWar/prebuilt/linux/include/glm/gtx/orthonormalize.hpp
-- Installing: /home/runner/work/MonsterWar/MonsterWar/prebuilt/linux/include/glm/gtx/string_cast.inl
-- Installing: /home/runner/work/MonsterWar/MonsterWar/prebuilt/linux/include/glm/gtx/gradient_paint.hpp
-- Installing: /home/runner/work/MonsterWar/MonsterWar/prebuilt/linux/include/glm/gtx/extend.inl
-- Installing: /home/runner/work/MonsterWar/MonsterWar/prebuilt/linux/include/glm/gtx/intersect.hpp
-- Installing: /home/runner/work/MonsterWar/MonsterWar/prebuilt/linux/include/glm/gtx/euler_angles.inl
-- Installing: /home/runner/work/MonsterWar/MonsterWar/prebuilt/linux/include/glm/gtx/optimum_pow.inl
-- Installing: /home/runner/work/MonsterWar/MonsterWar/prebuilt/linux/include/glm/gtx/fast_exponential.hpp
-- Installing: /home/runner/work/MonsterWar/MonsterWar/prebuilt/linux/include/glm/gtx/exterior_product.inl
-- Installing: /home/runner/work/MonsterWar/MonsterWar/prebuilt/linux/include/glm/gtx/fast_square_root.hpp
-- Installing: /home/runner/work/MonsterWar/MonsterWar/prebuilt/linux/include/glm/gtx/matrix_query.hpp
-- Installing: /home/runner/work/MonsterWar/MonsterWar/prebuilt/linux/include/glm/gtx/matrix_cross_product.inl
-- Installing: /home/runner/work/MonsterWar/MonsterWar/prebuilt/linux/include/glm/gtx/functions.inl
-- Installing: /home/runner/work/MonsterWar/MonsterWar/prebuilt/linux/include/glm/gtx/color_encoding.hpp
-- Installing: /home/runner/work/MonsterWar/MonsterWar/prebuilt/linux/include/glm/gtx/color_space_YCoCg.hpp
-- Installing: /home/runner/work/MonsterWar/MonsterWar/prebuilt/linux/include/glm/gtx/matrix_operation.hpp
-- Installing: /home/runner/work/MonsterWar/MonsterWar/prebuilt/linux/include/glm/gtx/log_base.hpp
-- Installing: /home/runner/work/MonsterWar/MonsterWar/prebuilt/linux/include/glm/gtx/common.hpp
-- Installing: /home/runner/work/MonsterWar/MonsterWar/prebuilt/linux/include/glm/gtx/exterior_product.hpp
-- Installing: /home/runner/work/MonsterWar/MonsterWar/prebuilt/linux/include/glm/gtx/quaternion.inl
-- Installing: /home/runner/work/MonsterWar/MonsterWar/prebuilt/linux/include/glm/gtx/norm.inl
-- Installing: /home/runner/work/MonsterWar/MonsterWar/prebuilt/linux/include/glm/gtx/scalar_multiplication.hpp
-- Installing: /home/runner/work/MonsterWar/MonsterWar/prebuilt/linux/include/glm/gtx/perpendicular.hpp
-- Installing: /home/runner/work/MonsterWar/MonsterWar/prebuilt/linux/include/glm/gtx/quaternion.hpp
-- Installing: /home/runner/work/MonsterWar/MonsterWar/prebuilt/linux/include/glm/gtx/mixed_product.hpp
-- Installing: /home/runner/work/MonsterWar/MonsterWar/prebuilt/linux/include/glm/gtx/color_space.hpp
-- Installing: /home/runner/work/MonsterWar/MonsterWar/prebuilt/linux/include/glm/gtx/color_space.inl
-- Installing: /home/runner/work/MonsterWar/MonsterWar/prebuilt/linux/include/glm/gtx/matrix_query.inl
-- Installing: /home/runner/work/MonsterWar/MonsterWar/prebuilt/linux/include/glm/gtx/integer.hpp
-- Installing: /home/runner/work/MonsterWar/MonsterWar/prebuilt/linux/include/glm/gtx/std_based_type.inl
-- Installing: /home/runner/work/MonsterWar/MonsterWar/prebuilt/linux/include/glm/gtx/transform.hpp
-- Installing: /home/runner/work/MonsterWar/MonsterWar/prebuilt/linux/include/glm/gtx/range.hpp
-- Installing: /home/runner/work/MonsterWar/MonsterWar/prebuilt/linux/include/glm/gtx/compatibility.hpp
-- Installing: /home/runner/work/MonsterWar/MonsterWar/prebuilt/linux/include/glm/integer.hpp
-- Installing: /home/runner/work/MonsterWar/MonsterWar/prebuilt/linux/include/glm/simd
-- Installing: /home/runner/work/MonsterWar/MonsterWar/prebuilt/linux/include/glm/simd/matrix.h
-- Installing: /home/runner/work/MonsterWar/MonsterWar/prebuilt/linux/include/glm/simd/exponential.h
-- Installing: /home/runner/work/MonsterWar/MonsterWar/prebuilt/linux/include/glm/simd/common.h
-- Installing: /home/runner/work/MonsterWar/MonsterWar/prebuilt/linux/include/glm/simd/platform.h
-- Installing: /home/runner/work/MonsterWar/MonsterWar/prebuilt/linux/include/glm/simd/packing.h
-- Installing: /home/runner/work/MonsterWar/MonsterWar/prebuilt/linux/include/glm/simd/geometric.h
-- Installing: /home/runner/work/MonsterWar/MonsterWar/prebuilt/linux/include/glm/simd/vector_relational.h
-- Installing: /home/runner/work/MonsterWar/MonsterWar/prebuilt/linux/include/glm/simd/trigonometric.h
-- Installing: /home/runner/work/MonsterWar/MonsterWar/prebuilt/linux/include/glm/simd/neon.h
-- Installing: /home/runner/work/MonsterWar/MonsterWar/prebuilt/linux/include/glm/simd/integer.h
-- Installing: /home/runner/work/MonsterWar/MonsterWar/prebuilt/linux/share/glm/glmConfig.cmake
-- Installing: /home/runner/work/MonsterWar/MonsterWar/prebuilt/linux/share/glm/glmConfig-release.cmake
-- Installing: /home/runner/work/MonsterWar/MonsterWar/prebuilt/linux/share/glm/glmConfigVersion.cmake
-- The CXX compiler identification is GNU 13.3.0
-- Detecting CXX compiler ABI info
-- Detecting CXX compiler ABI info - done
-- Check for working CXX compiler: /usr/bin/c++ - skipped
-- Detecting CXX compile features
-- Detecting CXX compile features - done
-- Using the multi-header code from /home/runner/work/MonsterWar/MonsterWar/external/json-3.12.0/include/
-- Configuring done (0.2s)
-- Generating done (0.0s)
CMake Warning:
  Manually-specified variables were not used by the project:

    BUILD_TESTING


-- Build files have been written to: /home/runner/work/MonsterWar/MonsterWar/build-linux-prebuilt/obj/json
ninja: no work to do.
-- Install configuration: "Release"
-- Up-to-date: /home/runner/work/MonsterWar/MonsterWar/prebuilt/linux/include
-- Installing: /home/runner/work/MonsterWar/MonsterWar/prebuilt/linux/include/nlohmann
-- Installing: /home/runner/work/MonsterWar/MonsterWar/prebuilt/linux/include/nlohmann/byte_container_with_subtype.hpp
-- Installing: /home/runner/work/MonsterWar/MonsterWar/prebuilt/linux/include/nlohmann/thirdparty
-- Installing: /home/runner/work/MonsterWar/MonsterWar/prebuilt/linux/include/nlohmann/thirdparty/hedley
-- Installing: /home/runner/work/MonsterWar/MonsterWar/prebuilt/linux/include/nlohmann/thirdparty/hedley/hedley.hpp
-- Installing: /home/runner/work/MonsterWar/MonsterWar/prebuilt/linux/include/nlohmann/thirdparty/hedley/hedley_undef.hpp
-- Installing: /home/runner/work/MonsterWar/MonsterWar/prebuilt/linux/include/nlohmann/ordered_map.hpp
-- Installing: /home/runner/work/MonsterWar/MonsterWar/prebuilt/linux/include/nlohmann/json_fwd.hpp
-- Installing: /home/runner/work/MonsterWar/MonsterWar/prebuilt/linux/include/nlohmann/adl_serializer.hpp
-- Installing: /home/runner/work/MonsterWar/MonsterWar/prebuilt/linux/include/nlohmann/json.hpp
-- Installing: /home/runner/work/MonsterWar/MonsterWar/prebuilt/linux/include/nlohmann/detail
-- Installing: /home/runner/work/MonsterWar/MonsterWar/prebuilt/linux/include/nlohmann/detail/string_concat.hpp
-- Installing: /home/runner/work/MonsterWar/MonsterWar/prebuilt/linux/include/nlohmann/detail/string_escape.hpp
-- Installing: /home/runner/work/MonsterWar/MonsterWar/prebuilt/linux/include/nlohmann/detail/hash.hpp
-- Installing: /home/runner/work/MonsterWar/MonsterWar/prebuilt/linux/include/nlohmann/detail/exceptions.hpp
-- Installing: /home/runner/work/MonsterWar/MonsterWar/prebuilt/linux/include/nlohmann/detail/macro_scope.hpp
-- Installing: /home/runner/work/MonsterWar/MonsterWar/prebuilt/linux/include/nlohmann/detail/meta
-- Installing: /home/runner/work/MonsterWar/MonsterWar/prebuilt/linux/include/nlohmann/detail/meta/identity_tag.hpp
-- Installing: /home/runner/work/MonsterWar/MonsterWar/prebuilt/linux/include/nlohmann/detail/meta/cpp_future.hpp
-- Installing: /home/runner/work/MonsterWar/MonsterWar/prebuilt/linux/include/nlohmann/detail/meta/is_sax.hpp
-- Installing: /home/runner/work/MonsterWar/MonsterWar/prebuilt/linux/include/nlohmann/detail/meta/type_traits.hpp
-- Installing: /home/runner/work/MonsterWar/MonsterWar/prebuilt/linux/include/nlohmann/detail/meta/void_t.hpp
-- Installing: /home/runner/work/MonsterWar/MonsterWar/prebuilt/linux/include/nlohmann/detail/meta/detected.hpp
-- Installing: /home/runner/work/MonsterWar/MonsterWar/prebuilt/linux/include/nlohmann/detail/meta/std_fs.hpp
-- Installing: /home/runner/work/MonsterWar/MonsterWar/prebuilt/linux/include/nlohmann/detail/meta/call_std
-- Installing: /home/runner/work/MonsterWar/MonsterWar/prebuilt/linux/include/nlohmann/detail/meta/call_std/end.hpp
-- Installing: /home/runner/work/MonsterWar/MonsterWar/prebuilt/linux/include/nlohmann/detail/meta/call_std/begin.hpp
-- Installing: /home/runner/work/MonsterWar/MonsterWar/prebuilt/linux/include/nlohmann/detail/json_pointer.hpp
-- Installing: /home/runner/work/MonsterWar/MonsterWar/prebuilt/linux/include/nlohmann/detail/input
-- Installing: /home/runner/work/MonsterWar/MonsterWar/prebuilt/linux/include/nlohmann/detail/input/lexer.hpp
-- Installing: /home/runner/work/MonsterWar/MonsterWar/prebuilt/linux/include/nlohmann/detail/input/binary_reader.hpp
-- Installing: /home/runner/work/MonsterWar/MonsterWar/prebuilt/linux/include/nlohmann/detail/input/parser.hpp
-- Installing: /home/runner/work/MonsterWar/MonsterWar/prebuilt/linux/include/nlohmann/detail/input/position_t.hpp
-- Installing: /home/runner/work/MonsterWar/MonsterWar/prebuilt/linux/include/nlohmann/detail/input/json_sax.hpp
-- Installing: /home/runner/work/MonsterWar/MonsterWar/prebuilt/linux/include/nlohmann/detail/input/input_adapters.hpp
-- Installing: /home/runner/work/MonsterWar/MonsterWar/prebuilt/linux/include/nlohmann/detail/abi_macros.hpp
-- Installing: /home/runner/work/MonsterWar/MonsterWar/prebuilt/linux/include/nlohmann/detail/string_utils.hpp
-- Installing: /home/runner/work/MonsterWar/MonsterWar/prebuilt/linux/include/nlohmann/detail/conversions
-- Installing: /home/runner/work/MonsterWar/MonsterWar/prebuilt/linux/include/nlohmann/detail/conversions/to_chars.hpp
-- Installing: /home/runner/work/MonsterWar/MonsterWar/prebuilt/linux/include/nlohmann/detail/conversions/to_json.hpp
-- Installing: /home/runner/work/MonsterWar/MonsterWar/prebuilt/linux/include/nlohmann/detail/conversions/from_json.hpp
-- Installing: /home/runner/work/MonsterWar/MonsterWar/prebuilt/linux/include/nlohmann/detail/output
-- Installing: /home/runner/work/MonsterWar/MonsterWar/prebuilt/linux/include/nlohmann/detail/output/binary_writer.hpp
-- Installing: /home/runner/work/MonsterWar/MonsterWar/prebuilt/linux/include/nlohmann/detail/output/serializer.hpp
-- Installing: /home/runner/work/MonsterWar/MonsterWar/prebuilt/linux/include/nlohmann/detail/output/output_adapters.hpp
-- Installing: /home/runner/work/MonsterWar/MonsterWar/prebuilt/linux/include/nlohmann/detail/value_t.hpp
-- Installing: /home/runner/work/MonsterWar/MonsterWar/prebuilt/linux/include/nlohmann/detail/json_custom_base_class.hpp
-- Installing: /home/runner/work/MonsterWar/MonsterWar/prebuilt/linux/include/nlohmann/detail/json_ref.hpp
-- Installing: /home/runner/work/MonsterWar/MonsterWar/prebuilt/linux/include/nlohmann/detail/macro_unscope.hpp
-- Installing: /home/runner/work/MonsterWar/MonsterWar/prebuilt/linux/include/nlohmann/detail/iterators
-- Installing: /home/runner/work/MonsterWar/MonsterWar/prebuilt/linux/include/nlohmann/detail/iterators/iter_impl.hpp
-- Installing: /home/runner/work/MonsterWar/MonsterWar/prebuilt/linux/include/nlohmann/detail/iterators/iterator_traits.hpp
-- Installing: /home/runner/work/MonsterWar/MonsterWar/prebuilt/linux/include/nlohmann/detail/iterators/json_reverse_iterator.hpp
-- Installing: /home/runner/work/MonsterWar/MonsterWar/prebuilt/linux/include/nlohmann/detail/iterators/iteration_proxy.hpp
-- Installing: /home/runner/work/MonsterWar/MonsterWar/prebuilt/linux/include/nlohmann/detail/iterators/internal_iterator.hpp
-- Installing: /home/runner/work/MonsterWar/MonsterWar/prebuilt/linux/include/nlohmann/detail/iterators/primitive_iterator.hpp
-- Installing: /home/runner/work/MonsterWar/MonsterWar/prebuilt/linux/share/cmake/nlohmann_json/nlohmann_jsonConfig.cmake
-- Installing: /home/runner/work/MonsterWar/MonsterWar/prebuilt/linux/share/cmake/nlohmann_json/nlohmann_jsonConfigVersion.cmake
-- Installing: /home/runner/work/MonsterWar/MonsterWar/prebuilt/linux/share/cmake/nlohmann_json/nlohmann_jsonTargets.cmake
-- Installing: /home/runner/work/MonsterWar/MonsterWar/prebuilt/linux/share/pkgconfig/nlohmann_json.pc
-- The C compiler identification is GNU 13.3.0
-- The CXX compiler identification is GNU 13.3.0
-- Detecting C compiler ABI info
-- Detecting C compiler ABI info - done
-- Check for working C compiler: /usr/bin/cc - skipped
-- Detecting C compile features
-- Detecting C compile features - done
-- Detecting CXX compiler ABI info
-- Detecting CXX compiler ABI info - done
-- Check for working CXX compiler: /usr/bin/c++ - skipped
-- Detecting CXX compile features
-- Detecting CXX compile features - done
-- Configuring done (0.3s)
-- Generating done (0.0s)
CMake Warning:
  Manually-specified variables were not used by the project:

    BUILD_TESTING


-- Build files have been written to: /home/runner/work/MonsterWar/MonsterWar/build-linux-prebuilt/obj/entt
ninja: no work to do.
-- Install configuration: "Release"
-- The CXX compiler identification is GNU 13.3.0
-- Detecting CXX compiler ABI info
-- Detecting CXX compiler ABI info - done
-- Check for working CXX compiler: /usr/bin/c++ - skipped
-- Detecting CXX compile features
-- Detecting CXX compile features - done
-- Build spdlog: 1.15.3
-- Performing Test CMAKE_HAVE_LIBC_PTHREAD
-- Performing Test CMAKE_HAVE_LIBC_PTHREAD - Success
-- Found Threads: TRUE
-- Build type: Release
-- Looking for fwrite_unlocked
-- Looking for fwrite_unlocked - found
-- Generating install
-- Configuring done (0.3s)
-- Generating done (0.0s)
CMake Warning:
  Manually-specified variables were not used by the project:

    BUILD_TESTING


-- Build files have been written to: /home/runner/work/MonsterWar/MonsterWar/build-linux-prebuilt/obj/spdlog
[1/8] Building CXX object CMakeFiles/spdlog.dir/src/stdout_sinks.cpp.o
[2/8] Building CXX object CMakeFiles/spdlog.dir/src/color_sinks.cpp.o
[3/8] Building CXX object CMakeFiles/spdlog.dir/src/file_sinks.cpp.o
[4/8] Building CXX object CMakeFiles/spdlog.dir/src/async.cpp.o
[5/8] Building CXX object CMakeFiles/spdlog.dir/src/spdlog.cpp.o
[6/8] Building CXX object CMakeFiles/spdlog.dir/src/cfg.cpp.o
[7/8] Building CXX object CMakeFiles/spdlog.dir/src/bundled_fmtlib_format.cpp.o
[8/8] Linking CXX static library libspdlog.a
-- Install configuration: "Release"
-- Up-to-date: /home/runner/work/MonsterWar/MonsterWar/prebuilt/linux/include
-- Installing: /home/runner/work/MonsterWar/MonsterWar/prebuilt/linux/include/spdlog
-- Installing: /home/runner/work/MonsterWar/MonsterWar/prebuilt/linux/include/spdlog/common-inl.h
-- Installing: /home/runner/work/MonsterWar/MonsterWar/prebuilt/linux/include/spdlog/async_logger.h
-- Installing: /home/runner/work/MonsterWar/MonsterWar/prebuilt/linux/include/spdlog/logger-inl.h
-- Installing: /home/runner/work/MonsterWar/MonsterWar/prebuilt/linux/include/spdlog/spdlog.h
-- Installing: /home/runner/work/MonsterWar/MonsterWar/prebuilt/linux/include/spdlog/fmt
-- Installing: /home/runner/work/MonsterWar/MonsterWar/prebuilt/linux/include/spdlog/fmt/bin_to_hex.h
-- Installing: /home/runner/work/MonsterWar/MonsterWar/prebuilt/linux/include/spdlog/fmt/chrono.h
-- Installing: /home/runner/work/MonsterWar/MonsterWar/prebuilt/linux/include/spdlog/fmt/fmt.h
-- Installing: /home/runner/work/MonsterWar/MonsterWar/prebuilt/linux/include/spdlog/fmt/xchar.h
-- Installing: /home/runner/work/MonsterWar/MonsterWar/prebuilt/linux/include/spdlog/fmt/ranges.h
-- Installing: /home/runner/work/MonsterWar/MonsterWar/prebuilt/linux/include/spdlog/fmt/std.h
-- Installing: /home/runner/work/MonsterWar/MonsterWar/prebuilt/linux/include/spdlog/fmt/ostr.h
-- Installing: /home/runner/work/MonsterWar/MonsterWar/prebuilt/linux/include/spdlog/fmt/compile.h
-- Installing: /home/runner/work/MonsterWar/MonsterWar/prebuilt/linux/include/spdlog/logger.h
-- Installing: /home/runner/work/MonsterWar/MonsterWar/prebuilt/linux/include/spdlog/async.h
-- Installing: /home/runner/work/MonsterWar/MonsterWar/prebuilt/linux/include/spdlog/async_logger-inl.h
-- Installing: /home/runner/work/MonsterWar/MonsterWar/prebuilt/linux/include/spdlog/fwd.h
-- Installing: /home/runner/work/MonsterWar/MonsterWar/prebuilt/linux/include/spdlog/sinks
-- Installing: /home/runner/work/MonsterWar/MonsterWar/prebuilt/linux/include/spdlog/sinks/ostream_sink.h
-- Installing: /home/runner/work/MonsterWar/MonsterWar/prebuilt/linux/include/spdlog/sinks/stdout_color_sinks.h
-- Installing: /home/runner/work/MonsterWar/MonsterWar/prebuilt/linux/include/spdlog/sinks/stdout_sinks-inl.h
-- Installing: /home/runner/work/MonsterWar/MonsterWar/prebuilt/linux/include/spdlog/sinks/systemd_sink.h
-- Installing: /home/runner/work/MonsterWar/MonsterWar/prebuilt/linux/include/spdlog/sinks/stdout_sinks.h
-- Installing: /home/runner/work/MonsterWar/MonsterWar/prebuilt/linux/include/spdlog/sinks/daily_file_sink.h
-- Installing: /home/runner/work/MonsterWar/MonsterWar/prebuilt/linux/include/spdlog/sinks/dist_sink.h
-- Installing: /home/runner/work/MonsterWar/MonsterWar/prebuilt/linux/include/spdlog/sinks/syslog_sink.h
-- Installing: /home/runner/work/MonsterWar/MonsterWar/prebuilt/linux/include/spdlog/sinks/stdout_color_sinks-inl.h
-- Installing: /home/runner/work/MonsterWar/MonsterWar/prebuilt/linux/include/spdlog/sinks/kafka_sink.h
-- Installing: /home/runner/work/MonsterWar/MonsterWar/prebuilt/linux/include/spdlog/sinks/basic_file_sink.h
-- Installing: /home/runner/work/MonsterWar/MonsterWar/prebuilt/linux/include/spdlog/sinks/wincolor_sink-inl.h
-- Installing: /home/runner/work/MonsterWar/MonsterWar/prebuilt/linux/include/spdlog/sinks/tcp_sink.h
-- Installing: /home/runner/work/MonsterWar/MonsterWar/prebuilt/linux/include/spdlog/sinks/callback_sink.h
-- Installing: /home/runner/work/MonsterWar/MonsterWar/prebuilt/linux/include/spdlog/sinks/basic_file_sink-inl.h
-- Installing: /home/runner/work/MonsterWar/MonsterWar/prebuilt/linux/include/spdlog/sinks/wincolor_sink.h
-- Installing: /home/runner/work/MonsterWar/MonsterWar/prebuilt/linux/include/spdlog/sinks/rotating_file_sink-inl.h
-- Installing: /home/runner/work/MonsterWar/MonsterWar/prebuilt/linux/include/spdlog/sinks/ansicolor_sink.h
-- Installing: /home/runner/work/MonsterWar/MonsterWar/prebuilt/linux/include/spdlog/sinks/sink.h
-- Installing: /home/runner/work/MonsterWar/MonsterWar/prebuilt/linux/include/spdlog/sinks/null_sink.h
-- Installing: /home/runner/work/MonsterWar/MonsterWar/prebuilt/linux/include/spdlog/sinks/ringbuffer_sink.h
-- Installing: /home/runner/work/MonsterWar/MonsterWar/prebuilt/linux/include/spdlog/sinks/hourly_file_sink.h
-- Installing: /home/runner/work/MonsterWar/MonsterWar/prebuilt/linux/include/spdlog/sinks/sink-inl.h
-- Installing: /home/runner/work/MonsterWar/MonsterWar/prebuilt/linux/include/spdlog/sinks/udp_sink.h
-- Installing: /home/runner/work/MonsterWar/MonsterWar/prebuilt/linux/include/spdlog/sinks/base_sink.h
-- Installing: /home/runner/work/MonsterWar/MonsterWar/prebuilt/linux/include/spdlog/sinks/base_sink-inl.h
-- Installing: /home/runner/work/MonsterWar/MonsterWar/prebuilt/linux/include/spdlog/sinks/win_eventlog_sink.h
-- Installing: /home/runner/work/MonsterWar/MonsterWar/prebuilt/linux/include/spdlog/sinks/ansicolor_sink-inl.h
-- Installing: /home/runner/work/MonsterWar/MonsterWar/prebuilt/linux/include/spdlog/sinks/android_sink.h
-- Installing: /home/runner/work/MonsterWar/MonsterWar/prebuilt/linux/include/spdlog/sinks/qt_sinks.h
-- Installing: /home/runner/work/MonsterWar/MonsterWar/prebuilt/linux/include/spdlog/sinks/mongo_sink.h
-- Installing: /home/runner/work/MonsterWar/MonsterWar/prebuilt/linux/include/spdlog/sinks/msvc_sink.h
-- Installing: /home/runner/work/MonsterWar/MonsterWar/prebuilt/linux/include/spdlog/sinks/dup_filter_sink.h
-- Installing: /home/runner/work/MonsterWar/MonsterWar/prebuilt/linux/include/spdlog/sinks/rotating_file_sink.h
-- Installing: /home/runner/work/MonsterWar/MonsterWar/prebuilt/linux/include/spdlog/version.h
-- Installing: /home/runner/work/MonsterWar/MonsterWar/prebuilt/linux/include/spdlog/common.h
-- Installing: /home/runner/work/MonsterWar/MonsterWar/prebuilt/linux/include/spdlog/spdlog-inl.h
-- Installing: /home/runner/work/MonsterWar/MonsterWar/prebuilt/linux/include/spdlog/tweakme.h
-- Installing: /home/runner/work/MonsterWar/MonsterWar/prebuilt/linux/include/spdlog/cfg
-- Installing: /home/runner/work/MonsterWar/MonsterWar/prebuilt/linux/include/spdlog/cfg/env.h
-- Installing: /home/runner/work/MonsterWar/MonsterWar/prebuilt/linux/include/spdlog/cfg/helpers.h
-- Installing: /home/runner/work/MonsterWar/MonsterWar/prebuilt/linux/include/spdlog/cfg/argv.h
-- Installing: /home/runner/work/MonsterWar/MonsterWar/prebuilt/linux/include/spdlog/cfg/helpers-inl.h
-- Installing: /home/runner/work/MonsterWar/MonsterWar/prebuilt/linux/include/spdlog/mdc.h
-- Installing: /home/runner/work/MonsterWar/MonsterWar/prebuilt/linux/include/spdlog/pattern_formatter-inl.h
-- Installing: /home/runner/work/MonsterWar/MonsterWar/prebuilt/linux/include/spdlog/pattern_formatter.h
-- Installing: /home/runner/work/MonsterWar/MonsterWar/prebuilt/linux/include/spdlog/formatter.h
-- Installing: /home/runner/work/MonsterWar/MonsterWar/prebuilt/linux/include/spdlog/details
-- Installing: /home/runner/work/MonsterWar/MonsterWar/prebuilt/linux/include/spdlog/details/file_helper-inl.h
-- Installing: /home/runner/work/MonsterWar/MonsterWar/prebuilt/linux/include/spdlog/details/registry-inl.h
-- Installing: /home/runner/work/MonsterWar/MonsterWar/prebuilt/linux/include/spdlog/details/circular_q.h
-- Installing: /home/runner/work/MonsterWar/MonsterWar/prebuilt/linux/include/spdlog/details/registry.h
-- Installing: /home/runner/work/MonsterWar/MonsterWar/prebuilt/linux/include/spdlog/details/backtracer-inl.h
-- Installing: /home/runner/work/MonsterWar/MonsterWar/prebuilt/linux/include/spdlog/details/udp_client-windows.h
-- Installing: /home/runner/work/MonsterWar/MonsterWar/prebuilt/linux/include/spdlog/details/thread_pool-inl.h
-- Installing: /home/runner/work/MonsterWar/MonsterWar/prebuilt/linux/include/spdlog/details/thread_pool.h
-- Installing: /home/runner/work/MonsterWar/MonsterWar/prebuilt/linux/include/spdlog/details/windows_include.h
-- Installing: /home/runner/work/MonsterWar/MonsterWar/prebuilt/linux/include/spdlog/details/os.h
-- Installing: /home/runner/work/MonsterWar/MonsterWar/prebuilt/linux/include/spdlog/details/console_globals.h
-- Installing: /home/runner/work/MonsterWar/MonsterWar/prebuilt/linux/include/spdlog/details/backtracer.h
-- Installing: /home/runner/work/MonsterWar/MonsterWar/prebuilt/linux/include/spdlog/details/tcp_client.h
-- Installing: /home/runner/work/MonsterWar/MonsterWar/prebuilt/linux/include/spdlog/details/log_msg_buffer-inl.h
-- Installing: /home/runner/work/MonsterWar/MonsterWar/prebuilt/linux/include/spdlog/details/fmt_helper.h
-- Installing: /home/runner/work/MonsterWar/MonsterWar/prebuilt/linux/include/spdlog/details/periodic_worker.h
-- Installing: /home/runner/work/MonsterWar/MonsterWar/prebuilt/linux/include/spdlog/details/mpmc_blocking_q.h
-- Installing: /home/runner/work/MonsterWar/MonsterWar/prebuilt/linux/include/spdlog/details/log_msg_buffer.h
-- Installing: /home/runner/work/MonsterWar/MonsterWar/prebuilt/linux/include/spdlog/details/periodic_worker-inl.h
-- Installing: /home/runner/work/MonsterWar/MonsterWar/prebuilt/linux/include/spdlog/details/null_mutex.h
-- Installing: /home/runner/work/MonsterWar/MonsterWar/prebuilt/linux/include/spdlog/details/tcp_client-windows.h
-- Installing: /home/runner/work/MonsterWar/MonsterWar/prebuilt/linux/include/spdlog/details/file_helper.h
-- Installing: /home/runner/work/MonsterWar/MonsterWar/prebuilt/linux/include/spdlog/details/synchronous_factory.h
-- Installing: /home/runner/work/MonsterWar/MonsterWar/prebuilt/linux/include/spdlog/details/udp_client.h
-- Installing: /home/runner/work/MonsterWar/MonsterWar/prebuilt/linux/include/spdlog/details/log_msg.h
-- Installing: /home/runner/work/MonsterWar/MonsterWar/prebuilt/linux/include/spdlog/details/log_msg-inl.h
-- Installing: /home/runner/work/MonsterWar/MonsterWar/prebuilt/linux/include/spdlog/details/os-inl.h
-- Installing: /home/runner/work/MonsterWar/MonsterWar/prebuilt/linux/include/spdlog/stopwatch.h
-- Installing: /home/runner/work/MonsterWar/MonsterWar/prebuilt/linux/lib/libspdlog.a
-- Installing: /home/runner/work/MonsterWar/MonsterWar/prebuilt/linux/include/spdlog/fmt/bundled/
-- Installing: /home/runner/work/MonsterWar/MonsterWar/prebuilt/linux/include/spdlog/fmt/bundled//args.h
-- Installing: /home/runner/work/MonsterWar/MonsterWar/prebuilt/linux/include/spdlog/fmt/bundled//chrono.h
-- Installing: /home/runner/work/MonsterWar/MonsterWar/prebuilt/linux/include/spdlog/fmt/bundled//printf.h
-- Installing: /home/runner/work/MonsterWar/MonsterWar/prebuilt/linux/include/spdlog/fmt/bundled//base.h
-- Installing: /home/runner/work/MonsterWar/MonsterWar/prebuilt/linux/include/spdlog/fmt/bundled//xchar.h
-- Installing: /home/runner/work/MonsterWar/MonsterWar/prebuilt/linux/include/spdlog/fmt/bundled//ranges.h
-- Installing: /home/runner/work/MonsterWar/MonsterWar/prebuilt/linux/include/spdlog/fmt/bundled//ostream.h
-- Installing: /home/runner/work/MonsterWar/MonsterWar/prebuilt/linux/include/spdlog/fmt/bundled//os.h
-- Installing: /home/runner/work/MonsterWar/MonsterWar/prebuilt/linux/include/spdlog/fmt/bundled//std.h
-- Installing: /home/runner/work/MonsterWar/MonsterWar/prebuilt/linux/include/spdlog/fmt/bundled//color.h
-- Installing: /home/runner/work/MonsterWar/MonsterWar/prebuilt/linux/include/spdlog/fmt/bundled//compile.h
-- Installing: /home/runner/work/MonsterWar/MonsterWar/prebuilt/linux/include/spdlog/fmt/bundled//format-inl.h
-- Installing: /home/runner/work/MonsterWar/MonsterWar/prebuilt/linux/include/spdlog/fmt/bundled//core.h
-- Installing: /home/runner/work/MonsterWar/MonsterWar/prebuilt/linux/include/spdlog/fmt/bundled//fmt.license.rst
-- Installing: /home/runner/work/MonsterWar/MonsterWar/prebuilt/linux/include/spdlog/fmt/bundled//format.h
-- Installing: /home/runner/work/MonsterWar/MonsterWar/prebuilt/linux/lib/pkgconfig/spdlog.pc
-- Installing: /home/runner/work/MonsterWar/MonsterWar/prebuilt/linux/lib/cmake/spdlog/spdlogConfigTargets.cmake
-- Installing: /home/runner/work/MonsterWar/MonsterWar/prebuilt/linux/lib/cmake/spdlog/spdlogConfigTargets-release.cmake
-- Installing: /home/runner/work/MonsterWar/MonsterWar/prebuilt/linux/lib/cmake/spdlog/spdlogConfig.cmake
-- Installing: /home/runner/work/MonsterWar/MonsterWar/prebuilt/linux/lib/cmake/spdlog/spdlogConfigVersion.cmake
Linux prebuilt dependencies installed to: /home/runner/work/MonsterWar/MonsterWar/prebuilt/linux
